# Blender 5.1.2
# www.blender.org
mtllib model.mtl
o Soldier_79
v 0.018948 1.417700 0.242484
v 0.065378 1.417700 0.234133
v 0.023025 1.454455 0.242484
v 0.058818 1.454455 0.234133
v 0.014673 1.454455 0.206690
v 0.050468 1.454455 0.198339
v 0.008114 1.417700 0.206690
v 0.054546 1.417700 0.198339
v -0.141650 1.417700 0.242484
v -0.188082 1.417700 0.234133
v -0.145729 1.454455 0.242484
v -0.181522 1.454455 0.234133
v -0.137378 1.454455 0.206690
v -0.173171 1.454455 0.198339
v -0.130818 1.417700 0.206690
v -0.177249 1.417700 0.198339
v -0.225381 1.312967 0.318981
v 0.102677 1.312967 0.318981
v -0.225381 1.496311 0.279697
v 0.102677 1.496311 0.279697
v -0.061353 1.550593 0.303179
v -0.061353 1.187065 0.382277
v -0.283641 1.312967 0.174009
v -0.280276 1.423719 0.134725
v 0.160938 1.312967 0.174009
v 0.157573 1.423719 0.134725
v -0.143367 1.250016 0.350629
v -0.143367 1.523452 0.291438
v 0.020663 1.250016 0.350629
v 0.020663 1.523452 0.291438
v -0.037576 1.235929 0.366507
v -0.003109 1.262379 0.353106
v -0.003105 1.506627 0.300252
v -0.037583 1.518010 0.305093
v -0.201609 1.325331 0.321484
v -0.167144 1.298884 0.334923
v -0.167129 1.490855 0.293298
v -0.201616 1.479480 0.288494
v -0.119595 1.262379 0.353106
v -0.085127 1.235929 0.366507
v -0.085120 1.518010 0.305093
v -0.119597 1.506627 0.300252
v 0.044441 1.298884 0.334923
v 0.078906 1.325331 0.321484
v 0.078914 1.479480 0.288494
v 0.044426 1.490855 0.293298
v -0.057198 1.216308 0.276135
v -0.022732 1.242759 0.262735
v -0.022728 1.487006 0.209880
v -0.057206 1.498390 0.214721
v -0.181953 1.305844 0.231091
v -0.147488 1.279397 0.244530
v -0.147473 1.471368 0.202905
v -0.181960 1.459992 0.198100
v -0.099972 1.242759 0.262735
v -0.065505 1.216308 0.276135
v -0.065498 1.498390 0.214721
v -0.099976 1.487006 0.209880
v 0.024784 1.279397 0.244530
v 0.059249 1.305844 0.231091
v 0.059257 1.459992 0.198100
v 0.024771 1.471368 0.202905
v -0.169111 1.297886 0.255445
v -0.125176 1.232200 0.268275
v -0.061353 1.168777 0.298040
v 0.002473 1.232200 0.268275
v -0.203035 1.304226 0.144739
v 0.046409 1.297886 0.255445
v 0.080332 1.304226 0.144739
v -0.018079 1.460377 0.256049
v 0.105935 1.466551 0.211930
v -0.018079 1.518138 0.256049
v 0.105935 1.510229 0.211930
v -0.032720 1.518138 0.214897
v 0.091294 1.510229 0.170778
v -0.032720 1.460377 0.214897
v 0.091294 1.466551 0.170778
v -0.104624 1.460377 0.256049
v -0.228638 1.466551 0.211930
v -0.104624 1.518138 0.256049
v -0.228638 1.510229 0.211930
v -0.089984 1.518138 0.214897
v -0.213998 1.510229 0.170778
v -0.089984 1.460377 0.214897
v -0.213998 1.466551 0.170778
v -0.110300 1.307271 0.229427
v -0.061353 1.307271 0.229428
v -0.098738 1.461877 0.217029
v -0.061353 1.461877 0.217029
v -0.012405 1.307271 0.229427
v -0.023967 1.461877 0.217029
v -0.098738 1.469443 0.256861
v -0.061353 1.472566 0.273300
v -0.110300 1.316581 0.297575
v -0.061353 1.320265 0.319367
v -0.012405 1.316581 0.297575
v -0.023967 1.469443 0.256861
v -0.197312 1.302497 0.258940
v -0.061353 1.315391 0.281450
v -0.252642 1.205936 0.260487
v -0.061353 1.093830 0.314441
v 0.074609 1.302497 0.258940
v 0.129938 1.205936 0.260487
v -0.225508 1.165427 0.206256
v -0.061353 1.053320 0.247961
v 0.102805 1.165427 0.206256
v -0.197312 1.308919 0.156433
v -0.061353 1.318249 0.159369
v -0.252642 1.239045 0.156635
v 0.074609 1.308919 0.156433
v 0.129938 1.239045 0.156635
v -0.225508 1.209731 0.149561
v -0.061353 1.209731 0.155001
v 0.102805 1.209731 0.149561
v -0.263809 1.237552 0.214274
v -0.253538 1.274797 -0.104455
v -0.175134 1.175404 0.169937
v -0.175134 1.199556 -0.076826
v -0.317599 1.250377 0.030414
v -0.061353 1.274797 -0.169585
v -0.061353 1.237552 0.280031
v -0.229556 1.623354 0.183177
v -0.243844 1.623354 -0.109166
v -0.213062 1.199556 -0.016491
v -0.061353 1.199556 -0.096938
v -0.061353 1.175404 0.190049
v -0.304674 1.623354 0.019298
v -0.061353 1.623354 -0.164378
v -0.061353 1.623354 0.238904
v 0.141106 1.237552 0.214274
v 0.130833 1.274797 -0.104455
v 0.052432 1.175404 0.169937
v 0.052432 1.199556 -0.076826
v 0.194895 1.250377 0.030414
v 0.106851 1.623354 0.183177
v 0.121140 1.623354 -0.109166
v 0.090359 1.199556 -0.016491
v 0.181970 1.623354 0.019298
v -0.061353 1.189044 0.038388
v -0.197312 1.714768 0.196106
v -0.061353 1.727661 0.218616
v -0.061353 1.740732 0.018166
v -0.264502 1.698772 0.018166
v -0.061353 1.713162 -0.133948
v -0.221489 1.700268 -0.077948
v -0.320002 1.618207 0.018166
v -0.255341 1.607454 -0.160941
v -0.252642 1.631880 0.223345
v -0.061353 1.607454 -0.219631
v -0.061353 1.573370 0.284233
v 0.074609 1.714768 0.196106
v 0.141798 1.698772 0.018166
v 0.098785 1.700268 -0.077948
v 0.197300 1.618207 0.018166
v 0.132637 1.607454 -0.160941
v 0.129938 1.631880 0.223345
v -0.255341 1.186770 -0.160941
v -0.341434 1.234313 0.018166
v -0.287200 1.373610 0.173580
v -0.061353 1.177125 -0.219631
v 0.132637 1.186770 -0.160941
v 0.218730 1.234313 0.018166
v 0.164497 1.373610 0.173580
v -0.223347 1.521251 0.276171
v 0.100643 1.521251 0.276171
v -0.278203 1.187256 -0.186371
v -0.375608 1.235426 0.017363
v -0.305865 1.343539 0.187327
v -0.061353 1.177125 -0.253831
v 0.155500 1.187256 -0.186371
v 0.252903 1.235426 0.017363
v 0.183162 1.343539 0.187327
v -0.061353 1.581881 0.317358
v -0.245168 1.507959 0.302157
v 0.122465 1.507958 0.302157
v -0.278804 1.162266 -0.186003
v -0.375547 1.210935 0.022383
v -0.300393 1.322394 0.199489
v -0.061353 1.152126 -0.254003
v 0.156101 1.162266 -0.186003
v 0.252844 1.210935 0.022383
v 0.177689 1.322394 0.199489
v -0.061353 1.559876 0.329222
v -0.232673 1.490074 0.314363
v 0.109969 1.490073 0.314363
v -0.204413 1.201312 -0.100708
v -0.262388 1.211385 0.025397
v -0.199666 1.323952 0.147859
v -0.061353 1.198580 -0.140803
v 0.081709 1.201312 -0.100708
v 0.139685 1.211385 0.025398
v 0.076960 1.323952 0.147859
v -0.061353 1.513301 0.226048
v -0.203256 1.470799 0.206123
v 0.080552 1.470799 0.206123
v -0.017424 1.720303 0.018165
v -0.061353 1.720303 -0.025780
v -0.105281 1.720303 0.018165
v -0.061353 1.720303 0.062121
v -0.034453 1.756457 0.018165
v -0.061353 1.756457 -0.008741
v -0.088252 1.756457 0.018165
v -0.061353 1.756457 0.045082
v -0.043198 1.756457 0.018165
v -0.061353 1.756457 0.000001
v -0.079504 1.756457 0.018165
v -0.061353 1.756457 0.036332
v -0.046895 1.778283 0.010006
v -0.061353 1.763594 -0.004706
v -0.075808 1.778283 0.010006
v -0.061353 1.788699 0.020040
v -0.025566 1.799365 -0.018077
v -0.061353 1.773623 -0.032294
v -0.097136 1.799365 -0.018077
v -0.061353 1.832972 -0.003724
v -0.061348 1.780821 -0.245563
v -0.043457 1.814016 -0.175802
v -0.061350 1.832550 -0.180770
v -0.079243 1.814016 -0.175802
v -0.061350 1.795486 -0.170834
v -0.034512 1.827486 -0.120509
v -0.061353 1.855711 -0.126144
v -0.088188 1.827486 -0.120509
v -0.061353 1.799265 -0.114877
v -0.030039 1.818456 -0.067052
v -0.061353 1.854976 -0.061007
v -0.092664 1.818456 -0.067052
v -0.061353 1.791475 -0.071344
v -0.164470 0.660759 0.141172
v -0.159187 0.650940 -0.034294
v -0.126141 0.551908 0.093639
v -0.126141 0.551908 -0.025230
v -0.145790 0.549381 0.033834
v -0.060386 0.549381 0.105296
v -0.060386 0.549381 -0.039226
v -0.192123 0.657379 0.039954
v -0.060386 0.650939 -0.070150
v -0.060386 0.660759 0.177373
v -0.146860 0.559200 0.124053
v -0.154205 0.559200 -0.036888
v -0.060386 0.546096 0.033834
v -0.185479 0.559200 0.033834
v -0.060386 0.559200 -0.067283
v -0.060386 0.559200 0.154732
v 0.043699 0.660759 0.141172
v 0.038417 0.650940 -0.034294
v 0.005371 0.551908 0.093639
v 0.005371 0.551908 -0.025230
v 0.025017 0.549381 0.033834
v 0.071353 0.657379 0.039954
v 0.026089 0.559200 0.124053
v 0.033435 0.559200 -0.036888
v 0.064707 0.559200 0.033834
v -0.100037 1.123355 0.092760
v -0.100037 1.123355 -0.007278
v -0.101550 1.197198 0.087070
v -0.101550 1.197198 -0.001588
v -0.113253 1.123355 0.042741
v -0.060386 1.123355 -0.023951
v -0.060386 1.123355 0.109433
v -0.099791 1.147971 0.081734
v -0.099791 1.147971 0.003747
v -0.115271 1.197198 0.042741
v -0.060386 1.197198 -0.016365
v -0.060386 1.197198 0.101846
v -0.112927 1.147971 0.042741
v -0.060386 1.147971 -0.009251
v -0.060386 1.147971 0.094732
v -0.020735 1.123355 0.092760
v -0.020735 1.123355 -0.007278
v -0.019221 1.197198 0.087070
v -0.019221 1.197198 -0.001588
v -0.007518 1.123355 0.042741
v -0.020980 1.147971 0.081734
v -0.020980 1.147971 0.003747
v -0.005500 1.197198 0.042741
v -0.007844 1.147971 0.042741
v 0.017056 0.158569 0.092245
v 0.114095 0.158569 0.092245
v -0.004270 0.222277 0.099662
v 0.135421 0.222277 0.099662
v -0.004270 0.222277 -0.040028
v 0.135421 0.222277 -0.040028
v 0.017056 0.158569 -0.032610
v 0.114095 0.158569 -0.032610
v -0.001748 0.039645 -0.055600
v 0.132899 0.039645 -0.055600
v 0.132334 0.039645 0.092245
v -0.001184 0.039645 0.092245
v 0.030472 0.098477 0.211342
v 0.100679 0.098477 0.211342
v 0.030472 0.043796 0.211342
v 0.100679 0.043796 0.211342
v 0.093750 0.405482 0.069728
v 0.093750 0.405482 -0.004185
v 0.046714 0.653399 0.097158
v 0.046714 0.653399 -0.031614
v -0.078811 0.635818 0.097158
v -0.078811 0.635818 -0.031614
v 0.021714 0.396968 0.069728
v 0.021714 0.396968 -0.004185
v 0.036177 0.211252 0.069728
v 0.036177 0.211252 -0.004185
v 0.108213 0.207551 -0.004185
v 0.108213 0.207551 0.069728
v 0.008848 0.154139 0.140302
v 0.122303 0.154139 0.140302
v 0.143628 0.039645 0.120830
v -0.012477 0.039645 0.120830
v 0.052224 0.054057 0.283522
v 0.078926 0.054057 0.283522
v 0.052224 0.039645 0.283522
v 0.078926 0.039645 0.283522
v -0.214519 0.405482 0.069728
v -0.214519 0.405482 -0.004185
v -0.167485 0.653399 0.097158
v -0.167485 0.653399 -0.031614
v -0.041960 0.635818 0.097158
v -0.041960 0.635818 -0.031614
v -0.142485 0.396968 0.069728
v -0.142485 0.396968 -0.004185
v -0.156946 0.211252 0.069728
v -0.156946 0.211252 -0.004185
v -0.228984 0.207551 -0.004185
v -0.228984 0.207551 0.069728
v -0.137827 0.158569 0.092245
v -0.234866 0.158569 0.092245
v -0.116501 0.222277 0.099662
v -0.256191 0.222277 0.099662
v -0.116501 0.222277 -0.040028
v -0.256191 0.222277 -0.040028
v -0.137827 0.158569 -0.032610
v -0.234866 0.158569 -0.032610
v -0.119023 0.039645 -0.055600
v -0.253669 0.039645 -0.055600
v -0.253105 0.039645 0.092245
v -0.119587 0.039645 0.092245
v -0.151243 0.107701 0.196914
v -0.221450 0.107701 0.196914
v -0.151243 0.042637 0.211342
v -0.221450 0.042637 0.211342
v -0.129619 0.154139 0.140302
v -0.243074 0.154139 0.140302
v -0.264399 0.039645 0.120830
v -0.108293 0.039645 0.120830
v -0.172996 0.054057 0.283522
v -0.199697 0.054057 0.283522
v -0.172996 0.039645 0.283522
v -0.199697 0.039645 0.283522
v -0.178978 0.739168 0.175171
v 0.058206 0.739168 0.175171
v -0.175020 0.739168 -0.061424
v 0.054247 0.739168 -0.061424
v -0.060386 0.739168 0.231568
v -0.060386 1.143495 0.177125
v -0.060386 1.118879 -0.068829
v -0.060386 0.739168 -0.107255
v -0.060386 0.988732 0.269029
v -0.259995 0.955032 0.171326
v -0.250414 0.913153 -0.046469
v -0.060386 0.888327 -0.100687
v 0.129642 0.913153 -0.046469
v 0.139225 0.955032 0.171326
v -0.274141 1.066121 0.125369
v -0.196769 1.143495 0.114788
v -0.244277 1.023794 -0.056364
v -0.196769 1.119410 -0.047102
v 0.153372 1.066121 0.125369
v 0.075997 1.143495 0.114788
v 0.075997 1.119410 -0.047102
v 0.123505 1.023794 -0.056364
v 0.092013 0.739168 0.064578
v -0.212783 0.739168 0.064578
v -0.296172 0.937349 0.046758
v -0.296172 1.066121 0.027991
v -0.210824 1.152615 0.020159
v -0.060386 1.163638 0.035802
v 0.090052 1.152615 0.020159
v 0.175402 1.066121 0.027991
v 0.175402 0.937349 0.046758
v -0.060386 1.014735 -0.104658
v -0.189388 0.709662 -0.075004
v -0.060386 0.709662 -0.128489
v -0.231886 0.709662 0.062282
v 0.068617 0.709662 -0.075004
v 0.111116 0.709662 0.062282
v -0.060386 0.709662 0.233437
v 0.073073 0.709662 0.184159
v -0.193844 0.709662 0.184159
v -0.179031 0.707931 -0.065565
v -0.060386 0.708004 -0.114747
v -0.060386 0.686477 0.062157
v -0.218582 0.708089 0.062267
v 0.058259 0.707931 -0.065565
v 0.097812 0.708089 0.062267
v -0.060386 0.707980 0.219908
v 0.062830 0.707850 0.174430
v -0.183601 0.707850 0.174430
v -0.189388 0.697833 -0.075004
v -0.060386 0.697833 -0.128489
v -0.060386 0.696174 -0.114747
v -0.179031 0.696101 -0.065565
v -0.231886 0.697833 0.062282
v -0.218582 0.696259 0.062267
v 0.068617 0.697833 -0.075004
v 0.058259 0.696101 -0.065565
v 0.111116 0.697833 0.062282
v 0.097812 0.696259 0.062267
v 0.073073 0.697833 0.184159
v 0.062830 0.696020 0.174430
v -0.060386 0.697833 0.233437
v -0.060386 0.696150 0.219908
v -0.193844 0.697833 0.184159
v -0.183601 0.696020 0.174430
v -0.168164 0.633575 0.149842
v 0.047393 0.633575 0.149842
v -0.168164 0.718054 0.149842
v 0.047393 0.718054 0.149842
v -0.168164 0.718054 -0.065714
v 0.047393 0.718054 -0.065714
v -0.168164 0.633575 -0.065714
v 0.047393 0.633575 -0.065714
v -0.060386 0.718054 -0.101640
v -0.060386 0.633575 -0.101640
v 0.083318 0.633575 0.042064
v 0.083318 0.718054 0.042064
v -0.204089 0.633575 0.042064
v -0.204089 0.718054 0.042064
v -0.060386 0.625440 0.165796
v -0.060386 0.718054 0.185767
v -0.060386 0.632558 0.039568
v 0.028822 0.623256 0.171021
v 0.028822 0.689559 0.183081
v -0.064779 0.626535 0.172642
v -0.064779 0.706345 0.190957
v 0.090789 0.584305 0.140785
v 0.090789 0.657583 0.140785
v -0.064779 0.626535 0.154630
v 0.028822 0.623256 0.153009
v 0.028822 0.689559 0.165069
v -0.064779 0.706345 0.172945
v 0.090789 0.584305 0.122773
v 0.090789 0.657583 0.122773
v -0.109446 0.706345 0.179365
v -0.109446 0.706345 0.161352
v -0.109446 0.626535 0.143037
v -0.109446 0.626535 0.161049
v -0.132479 0.606204 0.174815
v 0.011708 0.606204 0.174815
v -0.132479 0.715440 0.201887
v 0.011708 0.715440 0.201887
v -0.132479 0.726964 0.155390
v 0.011708 0.726964 0.155390
v -0.132479 0.617728 0.128318
v 0.011708 0.617728 0.128318
v -0.105557 0.626601 0.179870
v -0.015215 0.626601 0.179870
v -0.015215 0.695043 0.196832
v -0.105557 0.695043 0.196832
v -0.105557 0.706567 0.150335
v -0.015215 0.706567 0.150335
v -0.015215 0.638125 0.133373
v -0.105557 0.638125 0.133373
v -0.168164 0.410037 0.137973
v 0.047393 0.410037 0.137973
v -0.168164 0.643557 0.137973
v 0.047393 0.643557 0.137973
v -0.168164 0.643557 -0.058866
v 0.047393 0.643557 -0.058866
v -0.177576 0.318779 -0.058866
v 0.056804 0.318779 -0.058866
v -0.060386 0.643557 -0.092509
v -0.060386 0.279721 -0.108725
v -0.060386 0.318913 0.152914
v -0.060386 0.643557 0.171616
v -0.201361 0.643557 0.040824
v -0.181182 0.574561 -0.058866
v 0.080590 0.643557 0.040824
v 0.060410 0.574561 -0.058866
v 0.080590 0.601317 0.040824
v -0.060386 0.553583 -0.105191
v -0.201361 0.601317 0.040824
v -0.168164 0.515666 0.147461
v -0.060386 0.492366 0.171754
v 0.047393 0.515666 0.147461
v -0.179379 0.439321 -0.058866
v -0.060386 0.424001 -0.106958
v 0.058607 0.439321 -0.058866
v 0.154656 1.012870 0.198553
v 0.308726 0.918873 0.184934
v 0.152931 1.139460 0.139428
v 0.341223 1.070277 0.139428
v 0.132147 1.082894 -0.063619
v 0.320439 1.013710 -0.063619
v 0.129351 0.943995 -0.048673
v 0.287942 0.862307 -0.018113
v 0.351724 0.991383 0.198996
v 0.255231 1.143303 0.166549
v 0.152313 1.137779 0.029493
v 0.375397 1.055814 0.029493
v 0.227173 1.066939 -0.107564
v 0.100582 0.996983 -0.075118
v 0.323666 0.915018 -0.075118
v 0.164521 0.896418 -0.053646
v 0.333125 0.877807 0.083410
v 0.192579 0.972783 0.220467
v 0.128640 1.073348 0.198996
v 0.222203 1.053416 0.244681
v 0.253770 1.139325 0.018677
v 0.184792 0.951597 -0.120803
v 0.382424 0.936766 0.061939
v 0.148639 1.011232 0.208805
v 0.190413 0.969920 0.231917
v 0.314868 0.913401 0.193669
v 0.121605 0.937657 -0.055295
v 0.160392 0.888214 -0.061369
v 0.292609 0.852820 -0.023787
v 0.123923 1.077051 0.209389
v 0.151442 1.150517 0.143846
v 0.151711 1.149340 0.026334
v 0.129276 1.090189 -0.072704
v 0.093806 0.995083 -0.084837
v 0.342397 0.870277 0.084559
v 0.134396 1.000347 0.201023
v 0.180148 0.953664 0.225648
v 0.303241 0.897479 0.192199
v 0.109672 0.933057 -0.040518
v 0.152357 0.878026 -0.045860
v 0.282317 0.840532 -0.012215
v 0.105884 1.073829 0.201333
v 0.131990 1.149585 0.139908
v 0.131757 1.148142 0.028710
v 0.110986 1.092427 -0.065266
v 0.077799 0.997392 -0.073042
v 0.328856 0.856443 0.089799
v 0.156284 1.004541 0.155887
v 0.189475 0.961810 0.179696
v 0.282048 0.919413 0.158101
v 0.139412 0.958617 -0.008956
v 0.169723 0.908051 -0.013274
v 0.266799 0.877907 0.009117
v 0.123021 1.060961 0.160880
v 0.140850 1.107653 0.122823
v 0.135697 1.101044 0.041427
v 0.125088 1.064760 -0.031142
v 0.102892 1.006175 -0.035773
v 0.293870 0.888922 0.084332
v -0.262123 0.976660 0.190882
v -0.418029 0.887662 0.167840
v -0.264513 1.114454 0.167840
v -0.452805 1.045271 0.167840
v -0.264513 1.114454 -0.043962
v -0.452805 1.045271 -0.043962
v -0.262123 0.976660 -0.067004
v -0.418029 0.887662 -0.043962
v -0.458464 0.953200 0.204905
v -0.363597 1.109545 0.204905
v -0.274709 1.142204 0.061939
v -0.497793 1.060238 0.061939
v -0.363597 1.109545 -0.081027
v -0.235382 1.035165 -0.081027
v -0.458464 0.953200 -0.081027
v -0.298245 0.931673 -0.081027
v -0.452820 0.874879 0.061939
v -0.298245 0.931673 0.204905
v -0.235382 1.035165 0.204905
v -0.324269 1.002507 0.252560
v -0.376708 1.145223 0.061939
v -0.324269 1.002507 -0.128682
v -0.503195 0.936766 0.061939
v -0.255150 0.972424 0.199682
v -0.295004 0.925885 0.214905
v -0.423356 0.879974 0.175355
v -0.255150 0.972424 -0.075804
v -0.295004 0.925885 -0.091027
v -0.423356 0.879974 -0.051477
v -0.229618 1.036021 0.215395
v -0.262450 1.123948 0.174882
v -0.274266 1.154195 0.061939
v -0.262450 1.123948 -0.051004
v -0.229618 1.036021 -0.091517
v -0.462035 0.867193 0.061939
v -0.241887 0.964205 0.187916
v -0.285623 0.912033 0.203546
v -0.412144 0.865180 0.168552
v -0.241887 0.964205 -0.064038
v -0.285623 0.912033 -0.079668
v -0.412144 0.865180 -0.044674
v -0.212501 1.035310 0.205042
v -0.243492 1.124363 0.168949
v -0.254192 1.152673 0.061939
v -0.243491 1.124363 -0.045071
v -0.212501 1.035310 -0.081163
v -0.448231 0.852644 0.061939
v -0.268041 0.980008 0.147914
v -0.299304 0.932030 0.162584
v -0.394108 0.895706 0.139643
v -0.268041 0.980007 -0.024036
v -0.299304 0.932030 -0.038706
v -0.394109 0.895705 -0.015765
v -0.233696 1.033484 0.164505
v -0.254546 1.088401 0.142241
v -0.257495 1.103841 0.061939
v -0.254545 1.088402 -0.018363
v -0.233696 1.033484 -0.040627
v -0.413518 0.885868 0.061939
v -0.278606 0.411397 0.162957
v 0.157836 0.411397 0.162957
v -0.278606 1.100871 0.151252
v 0.157836 1.100871 0.151252
v -0.278606 0.414253 -0.110284
v 0.157836 0.414253 -0.076020
v 0.111777 0.974916 0.204370
v -0.232548 0.974916 0.204370
v -0.060385 0.224131 0.215490
v -0.060385 0.258119 -0.195042
v -0.278606 1.137375 0.038407
v 0.157836 1.137375 0.038407
v -0.278606 1.104627 -0.024102
v -0.231248 0.926523 -0.095732
v 0.110477 0.926523 -0.095732
v 0.157836 1.104627 -0.024102
v -0.231248 0.716306 -0.097284
v 0.110477 0.716306 -0.097284
v -0.237131 1.048325 -0.061034
v 0.116361 1.048325 -0.061034
v 0.048726 0.336186 -0.144798
v 0.048726 0.315532 0.189223
v -0.169496 0.336186 -0.161930
v -0.169496 0.315532 0.189223
v 0.111777 0.588679 0.201945
v -0.232548 0.588679 0.201945
v -0.158221 0.330535 0.195855
v -0.060385 0.246430 0.224644
v -0.060385 0.565050 0.265948
v -0.169496 0.576583 0.233947
v -0.060385 0.974916 0.279844
v -0.169496 0.974916 0.242107
v -0.060385 1.148334 0.203786
v -0.201636 1.135386 0.177519
v 0.037451 0.330535 0.195855
v 0.137074 0.417629 0.172790
v 0.093713 0.585501 0.210373
v 0.048726 0.576583 0.233947
v 0.080867 1.135386 0.177519
v 0.048726 0.974916 0.242107
v 0.093708 0.979525 0.212867
v 0.140139 1.109118 0.155707
v -0.060385 1.171831 0.031998
v -0.201636 1.165387 0.035202
v 0.080867 1.165387 0.035202
v 0.139098 1.144717 0.037814
v -0.169496 0.926008 -0.128652
v -0.174542 1.079434 -0.072542
v -0.060385 1.089032 -0.090383
v -0.060385 0.925492 -0.143039
v 0.048726 0.926008 -0.128652
v 0.053773 1.079434 -0.072542
v 0.102520 1.055303 -0.068598
v 0.092894 0.930885 -0.105087
v -0.060385 1.130727 -0.067345
v -0.201636 1.135450 -0.047727
v -0.169496 0.716048 -0.139567
v -0.060385 0.715790 -0.163317
v -0.059966 0.281737 -0.198131
v -0.158761 0.352770 -0.164608
v 0.080867 1.135450 -0.047727
v 0.139703 1.110947 -0.029747
v 0.038927 0.353108 -0.148827
v 0.048726 0.716048 -0.139567
v 0.093606 0.714665 -0.107851
v 0.139308 0.424268 -0.087674
v -0.213904 0.715161 -0.107072
v -0.259333 0.424229 -0.119237
v -0.213665 0.930885 -0.105087
v -0.223290 1.055303 -0.068598
v -0.260474 1.110947 -0.029746
v -0.259868 1.144717 0.037814
v -0.260909 1.109118 0.155707
v -0.214479 0.979525 0.212867
v -0.257844 0.417629 0.172790
v -0.214484 0.585501 0.210373
v 0.111777 0.781797 0.203158
v 0.093711 0.782513 0.211620
v 0.048726 0.775750 0.238027
v -0.060385 0.769983 0.272896
v -0.169496 0.775750 0.238027
v -0.214481 0.782513 0.211621
v -0.232548 0.781797 0.203158
v 0.021100 0.430876 0.076729
v 0.030006 0.316709 0.070222
v 0.088492 0.430876 0.065045
v 0.093676 0.326137 0.059184
v 0.054846 0.430877 0.092651
v 0.063809 0.294213 0.062826
v 0.107336 0.370901 0.058720
v 0.060398 0.371383 0.091713
v 0.010143 0.356508 0.075570
v 0.056931 0.430877 0.119953
v 0.062671 0.374879 0.119380
v 0.005768 0.354143 0.100482
v 0.014578 0.430876 0.099755
v 0.098317 0.430876 0.085238
v 0.116304 0.370512 0.081319
v 0.100641 0.319877 0.081308
v 0.066621 0.286888 0.087111
v 0.028339 0.309170 0.093842
v -0.000813 0.355185 0.072977
v -0.005492 0.352654 0.099615
v 0.005002 0.443264 0.099073
v 0.011976 0.443264 0.074451
v 0.056647 0.443264 0.122074
v 0.054418 0.443264 0.092881
v 0.095372 0.443264 0.061192
v 0.105878 0.443264 0.082783
v 0.127261 0.371416 0.077777
v 0.117672 0.371833 0.053612
v 0.109419 0.313405 0.078023
v 0.101971 0.320099 0.054366
v 0.067590 0.273276 0.083637
v 0.064581 0.281109 0.057670
v 0.020387 0.300885 0.092441
v 0.022172 0.308945 0.067184
v -0.141870 0.430876 0.076729
v -0.150776 0.316709 0.070222
v -0.209263 0.430876 0.065045
v -0.214446 0.326137 0.059184
v -0.175616 0.430877 0.092651
v -0.184579 0.294213 0.062826
v -0.228107 0.370901 0.058720
v -0.181168 0.371383 0.091713
v -0.130913 0.356508 0.075570
v -0.177701 0.430877 0.119953
v -0.183441 0.374879 0.119380
v -0.126537 0.354143 0.100482
v -0.135348 0.430876 0.099755
v -0.219087 0.430876 0.085238
v -0.237074 0.370512 0.081319
v -0.221411 0.319877 0.081308
v -0.187391 0.286888 0.087111
v -0.149109 0.309170 0.093842
v -0.119957 0.355183 0.072977
v -0.115277 0.352654 0.099615
v -0.125770 0.443264 0.099072
v -0.132747 0.443264 0.074451
v -0.177417 0.443265 0.122074
v -0.175188 0.443264 0.092881
v -0.216143 0.443264 0.061192
v -0.226648 0.443264 0.082783
v -0.248031 0.371416 0.077777
v -0.238442 0.371833 0.053612
v -0.230189 0.313405 0.078024
v -0.222742 0.320099 0.054366
v -0.188361 0.273276 0.083637
v -0.185353 0.281110 0.057670
v -0.141157 0.300886 0.092441
v -0.142939 0.308947 0.067184
v -0.397229 0.623462 0.247465
v -0.428874 0.583444 0.219146
v -0.420322 0.675577 0.172257
v -0.444192 0.635869 0.157761
v -0.381338 0.661332 0.147085
v -0.405205 0.621623 0.132590
v -0.351833 0.612266 0.212555
v -0.383479 0.572250 0.184239
v -0.357068 0.555260 0.259782
v -0.376177 0.535790 0.242459
v -0.401421 0.544290 0.260753
v -0.382314 0.563760 0.278076
v -0.383727 0.621399 0.175151
v -0.505511 0.597631 0.169136
v -0.368929 0.691609 0.152422
v -0.515579 0.680980 0.133640
v -0.368929 0.623806 0.032612
v -0.515579 0.634435 0.051394
v -0.383727 0.568173 0.081100
v -0.505511 0.561093 0.104572
v -0.416176 0.702632 0.171900
v -0.416176 0.612783 0.013134
v -0.416176 0.544096 0.074538
v -0.416176 0.614628 0.199170
v -0.346548 0.657708 0.092517
v -0.366157 0.594786 0.128125
v -0.517461 0.579362 0.136854
v -0.530800 0.657708 0.092517
v -0.475436 0.700148 0.167511
v -0.475436 0.615267 0.017523
v -0.466185 0.546046 0.077983
v -0.466185 0.612679 0.195725
v -0.423644 0.583218 0.134672
v -0.435728 0.457949 0.205565
v -0.442520 0.558794 0.251598
v -0.465769 0.452400 0.208705
v -0.466185 0.556351 0.247281
v -0.466185 0.472848 0.099729
v -0.442520 0.470405 0.095412
v -0.517461 0.475576 0.195589
v -0.505511 0.491705 0.133050
v -0.505511 0.537494 0.213959
v -0.511486 0.496072 0.219896
v -0.465977 0.497161 0.248854
v -0.439124 0.501578 0.250186
v -0.439124 0.442158 0.145189
v -0.465977 0.441026 0.149661
v -0.511486 0.465291 0.165504
v -0.442520 0.510143 0.165630
v -0.403553 0.465402 0.149891
v -0.387086 0.473539 0.196742
v -0.383483 0.532335 0.155749
v -0.406949 0.497381 0.106708
v -0.403553 0.509514 0.227838
v -0.406949 0.562998 0.222656
v -0.378741 0.687359 0.144911
v -0.418385 0.696608 0.161255
v -0.359167 0.657708 0.092517
v -0.470155 0.694438 0.157421
v -0.418385 0.618807 0.023779
v -0.378741 0.628057 0.040123
v -0.470155 0.620977 0.027613
v -0.505073 0.677764 0.127956
v -0.518191 0.657708 0.092517
v -0.505073 0.637652 0.057077
v -0.368929 0.705444 0.144592
v -0.416176 0.716467 0.164070
v -0.418385 0.710443 0.153425
v -0.378741 0.701194 0.137081
v -0.346548 0.671543 0.084687
v -0.359167 0.671543 0.084687
v -0.475436 0.713984 0.159681
v -0.470155 0.708273 0.149591
v -0.368929 0.637641 0.024782
v -0.416176 0.626618 0.005304
v -0.378741 0.641892 0.032293
v -0.418385 0.632643 0.015949
v -0.475436 0.629102 0.009693
v -0.470155 0.634812 0.019783
v -0.515579 0.694815 0.125810
v -0.505073 0.691599 0.120127
v -0.530800 0.671543 0.084687
v -0.518191 0.671543 0.084687
v -0.515579 0.648271 0.043564
v -0.505073 0.651487 0.049248
v -0.303293 1.025545 0.187050
v -0.303293 1.084533 0.072456
v -0.197480 0.960103 0.153363
v -0.197480 1.019092 0.038766
v -0.393777 0.653615 0.133668
v -0.393777 0.616491 0.069756
v -0.488848 0.616493 0.069756
v -0.488848 0.653615 0.133668
v -0.387222 0.874870 0.085828
v -0.431296 0.778013 0.083356
v -0.388784 0.911436 0.007458
v -0.431082 0.812252 0.010144
v -0.315266 0.831554 0.063666
v -0.365124 0.737493 0.064154
v -0.317585 0.868487 -0.014769
v -0.364998 0.771660 -0.009231
v 0.164031 1.036485 0.051234
v 0.164031 0.911674 0.019060
v 0.058220 1.018108 0.122508
v 0.058220 0.893301 0.090326
v 0.088254 0.879445 0.359724
v 0.101543 0.807885 0.346922
v 0.167512 0.807875 0.415379
v 0.154226 0.879450 0.428181
v 0.255083 0.967283 0.246637
v 0.247051 0.931569 0.321565
v 0.263921 0.885651 0.227617
v 0.255137 0.859805 0.305612
v 0.165012 0.958360 0.251547
v 0.154199 0.918164 0.324889
v 0.173723 0.874453 0.231714
v 0.161672 0.846205 0.309085
v 0.024800 0.935509 0.386156
v 0.031675 0.887355 0.418380
v 0.114802 0.917563 0.364184
v 0.109741 0.879558 0.393971
v 0.102769 0.889560 0.326404
v 0.097709 0.851557 0.356188
v 0.017642 0.902616 0.338507
v 0.024510 0.854459 0.370720
v -0.044962 0.897035 0.377953
v -0.037705 0.871054 0.395739
v -0.031593 0.890122 0.421100
v -0.038853 0.916098 0.403319
v 0.061382 0.882046 0.351275
v 0.107452 0.861216 0.464750
v 0.112869 0.914425 0.306936
v 0.186821 0.893529 0.433688
v 0.143174 0.781120 0.290718
v 0.207621 0.802017 0.422553
v 0.085175 0.777401 0.338546
v 0.123781 0.789380 0.456010
v 0.130238 0.936098 0.351228
v 0.170391 0.759448 0.329735
v 0.089220 0.755962 0.373181
v 0.057695 0.894632 0.390050
v 0.117456 0.847772 0.279094
v 0.064988 0.829723 0.329420
v 0.121256 0.825298 0.470917
v 0.204404 0.847772 0.441541
v 0.159305 0.931215 0.402879
v 0.197244 0.764331 0.382577
v 0.111947 0.759796 0.417736
v 0.082168 0.890801 0.433677
v 0.080767 0.826405 0.386177
v -0.036420 0.790468 0.462600
v 0.002610 0.893610 0.449418
v -0.027686 0.788877 0.492001
v 0.014868 0.888805 0.469698
v 0.052185 0.724633 0.449723
v 0.042112 0.719829 0.428272
v 0.019442 0.795525 0.525408
v 0.062314 0.761708 0.488905
v 0.041855 0.851731 0.499861
v 0.014756 0.827249 0.521142
v -0.023752 0.848849 0.490133
v -0.034442 0.852874 0.465393
v -0.007881 0.736049 0.451182
v 0.001334 0.738483 0.476707
v 0.028512 0.766730 0.513778
v 0.024354 0.797958 0.437780
v -0.012795 0.755570 0.413466
v -0.044080 0.794940 0.411530
v 0.016622 0.806252 0.374955
v 0.035532 0.746687 0.391452
v -0.032507 0.842297 0.424018
v 0.006206 0.875697 0.407147
v -0.411071 0.477878 -0.007054
v -0.453324 0.477878 -0.007054
v -0.411071 0.619794 0.214570
v -0.453324 0.619794 0.214570
v -0.411071 0.584213 0.237354
v -0.453324 0.584213 0.237354
v -0.411071 0.442297 0.015731
v -0.453324 0.442297 0.015731
v -0.403485 0.421501 -0.002678
v -0.460909 0.421501 -0.002678
v -0.460909 0.469859 -0.033644
v -0.403485 0.469859 -0.033644
v -0.403485 0.407372 -0.024743
v -0.460909 0.407372 -0.024743
v -0.460909 0.455730 -0.055708
v -0.403485 0.455730 -0.055708
v -0.411390 0.399639 -0.051475
v -0.453004 0.399639 -0.051475
v -0.453004 0.434685 -0.073917
v -0.411390 0.434685 -0.073917
v -0.388966 0.638409 0.202650
v -0.475428 0.638409 0.202650
v -0.475428 0.565598 0.249274
v -0.388966 0.565598 0.249274
v -0.388966 0.668821 0.250143
v -0.475428 0.668821 0.250143
v -0.475428 0.596010 0.296767
v -0.388966 0.596010 0.296767
v -0.402655 0.569641 0.255588
v -0.461739 0.569641 0.255588
v -0.402655 0.591967 0.290453
v -0.461739 0.591967 0.290453
v -0.402655 0.546034 0.270705
v -0.461739 0.546034 0.270705
v -0.402655 0.568359 0.305570
v -0.461739 0.568359 0.305570
v -0.405123 0.530737 0.271120
v -0.459271 0.530737 0.271120
v -0.405123 0.561583 0.319290
v -0.459271 0.561583 0.319290
v -0.402655 0.465536 0.283722
v -0.461739 0.465536 0.283722
v -0.402655 0.452211 0.324991
v -0.461739 0.452211 0.324991
v -0.402655 0.346334 0.117457
v -0.461739 0.346334 0.117457
v -0.402655 0.327174 0.129726
v -0.461739 0.327174 0.129726
v -0.434821 0.573646 0.301475
v -0.434821 1.248013 1.182800
v -0.419293 0.651667 0.251515
v -0.450350 0.651667 0.251515
v -0.419293 1.083520 0.925919
v -0.434821 0.973682 0.996253
v -0.450350 1.083520 0.925919
v 0.359087 1.325284 0.175915
v -0.103463 1.174709 0.662018
v -0.080004 0.824131 0.651003
v 0.015016 0.496848 0.564784
v 0.156130 0.280553 0.426469
v 0.305531 0.233204 0.273116
v 0.423186 0.367488 0.145815
v 0.477566 0.647422 0.078681
v 0.454105 0.998000 0.089697
v 0.412321 1.327235 0.227175
v -0.050229 1.176661 0.713278
v -0.026769 0.826083 0.702262
v 0.068251 0.498799 0.616043
v 0.209364 0.282505 0.477729
v 0.358765 0.235156 0.324375
v 0.476420 0.369440 0.197074
v 0.530801 0.649374 0.129940
v 0.507339 0.999952 0.140957
v 0.187051 0.911065 0.370350
v 0.402150 1.280612 0.239513
v -0.025734 1.141322 0.689184
v -0.006754 0.832598 0.681227
v 0.083099 0.518654 0.599867
v 0.215068 0.310379 0.470743
v 0.353796 0.263581 0.328453
v 0.462109 0.390799 0.211124
v 0.510983 0.657944 0.150196
v 0.487325 0.993436 0.161990
v 0.385922 1.264187 0.237313
v 0.230460 0.912657 0.412149
v -0.024532 1.130572 0.668667
v -0.006515 0.835514 0.661189
v 0.079677 0.534358 0.583145
v 0.206272 0.334568 0.459279
v 0.339347 0.289676 0.322787
v 0.443247 0.411711 0.210237
v 0.490131 0.667974 0.151791
v 0.467435 0.989800 0.163107
v 0.211633 0.740747 0.274080
v 0.163596 1.000671 0.308883
v 0.148013 0.720037 0.340940
v 0.099976 0.979961 0.375743
v 0.129528 0.701713 0.317674
v 0.079146 1.005291 0.363769
v 0.193148 0.722424 0.250814
v 0.142766 1.026001 0.296909
v 0.158065 0.932094 0.282378
v 0.175958 0.815284 0.263221
v 0.112338 0.794573 0.330081
v 0.094445 0.911383 0.349239
v 0.087036 0.794643 0.306027
v 0.069143 0.911453 0.325184
v 0.150657 0.815353 0.239167
v 0.132764 0.932163 0.258324
v 0.211418 1.068211 0.375309
v 0.147798 1.047501 0.442169
v 0.126968 1.072832 0.430196
v 0.190588 1.093542 0.363336
v 0.279279 0.665061 0.315003
v 0.215658 0.644351 0.381863
v 0.207202 0.621603 0.366771
v 0.270823 0.642313 0.299911
vn 0.1991 0.0067 0.9800
vn -0.0000 1.0000 -0.0000
vn -0.0000 -1.0000 -0.0000
vn 0.9566 0.1384 -0.2563
vn -0.9566 0.1384 0.2564
vn -0.1991 0.0067 0.9800
vn -0.9566 0.1384 -0.2564
vn 0.9566 0.1384 0.2563
vn -0.9351 0.1014 0.3396
vn 0.9351 0.1014 0.3396
vn -0.0000 0.2124 0.9772
vn 0.2084 0.2070 0.9559
vn 0.2083 0.2071 0.9559
vn 0.2079 0.2079 0.9558
vn 0.2070 0.2070 0.9562
vn 0.2071 0.2071 0.9562
vn -0.0000 0.2128 0.9771
vn 0.2069 0.2080 0.9560
vn -0.2093 0.2052 0.9561
vn -0.2084 0.2070 0.9559
vn -0.2085 0.2068 0.9559
vn -0.2070 0.2070 0.9562
vn -0.2068 0.2069 0.9562
vn -0.2070 0.2052 0.9566
vn -0.2071 0.2052 0.9566
vn -0.2080 0.2079 0.9558
vn -0.2084 0.2071 0.9559
vn -0.2069 0.2080 0.9560
vn -0.2072 0.2071 0.9561
vn 0.2091 0.2051 0.9561
vn 0.2085 0.2068 0.9559
vn 0.2070 0.2052 0.9566
vn 0.2069 0.2053 0.9566
vn 0.2067 0.2069 0.9563
vn -0.6173 0.7859 -0.0366
vn -0.9782 0.0439 0.2029
vn -0.2697 -0.9272 0.2599
vn 0.9782 -0.0441 -0.2028
vn 0.6170 0.7861 -0.0353
vn -0.9781 -0.0440 -0.2032
vn 0.2699 -0.9275 0.2586
vn 0.9781 0.0436 0.2033
vn 0.6173 0.7859 -0.0366
vn -0.9782 -0.0441 -0.2028
vn 0.2697 -0.9272 0.2599
vn 0.9782 0.0439 0.2029
vn -0.6170 0.7861 -0.0353
vn -0.9781 0.0436 0.2033
vn -0.2699 -0.9275 0.2586
vn 0.9781 -0.0440 -0.2032
vn -0.6780 -0.7341 -0.0385
vn -0.6710 -0.7193 -0.1803
vn -0.6780 -0.7343 -0.0335
vn 0.6780 -0.7341 -0.0385
vn 0.6728 -0.7348 0.0858
vn 0.6780 -0.7343 -0.0334
vn -0.1515 -0.9880 0.0301
vn 0.1515 -0.9880 0.0301
vn -0.6728 -0.7348 0.0858
vn 0.6710 -0.7193 -0.1802
vn 0.3352 -0.0000 0.9422
vn 0.0565 0.9982 -0.0201
vn 0.0441 -0.9989 -0.0157
vn 0.9421 -0.0000 -0.3352
vn -0.9421 -0.0000 0.3352
vn -0.3352 -0.0000 0.9422
vn -0.0565 0.9982 -0.0201
vn -0.0441 -0.9989 -0.0157
vn -0.9422 -0.0000 -0.3352
vn 0.9422 -0.0000 0.3352
vn -0.4079 0.2640 0.8740
vn 0.4079 0.2640 0.8740
vn -0.0000 0.9824 -0.1866
vn -0.9973 0.0730 -0.0114
vn 0.0062 -0.9902 0.1397
vn -0.0000 -0.9902 0.1397
vn -0.0062 -0.9902 0.1397
vn 0.9973 0.0730 -0.0114
vn -0.1855 0.1379 0.9729
vn 0.1855 0.1379 0.9729
vn -0.5649 -0.7383 0.3685
vn 0.5649 -0.7383 0.3686
vn -0.0852 0.9955 0.0411
vn -0.8276 0.5513 0.1056
vn 0.0852 0.9955 0.0411
vn 0.8276 0.5513 0.1056
vn -0.8551 -0.4669 -0.2252
vn -0.0886 -0.5954 -0.7985
vn 0.8552 -0.4669 -0.2251
vn 0.0886 -0.5954 -0.7985
vn -0.5515 -0.7421 -0.3810
vn -0.4921 -0.8699 0.0350
vn -0.2114 -0.6159 -0.7589
vn -0.1653 -0.7759 0.6088
vn -0.9040 0.0190 -0.4270
vn -0.9339 0.0775 0.3491
vn -0.3058 0.0049 -0.9521
vn -0.3098 0.1022 0.9453
vn 0.5515 -0.7421 -0.3810
vn 0.4921 -0.8699 0.0350
vn 0.2114 -0.6159 -0.7589
vn 0.1653 -0.7759 0.6088
vn 0.9339 0.0775 0.3491
vn 0.9040 0.0190 -0.4270
vn 0.3058 0.0049 -0.9521
vn 0.3098 0.1022 0.9453
vn -0.0240 -0.9920 -0.1236
vn -0.0563 -0.9978 -0.0354
vn -0.0137 -0.9969 -0.0774
vn 0.0158 -0.9959 -0.0896
vn 0.0240 -0.9920 -0.1236
vn 0.0563 -0.9978 -0.0354
vn 0.0137 -0.9969 -0.0774
vn -0.0158 -0.9959 -0.0896
vn -0.1610 0.9867 0.0210
vn -0.1678 0.9770 -0.1317
vn -0.7710 0.5506 -0.3201
vn -0.7867 0.5721 0.2320
vn -0.2552 0.6510 -0.7149
vn -0.1750 0.3941 0.9023
vn 0.1610 0.9867 0.0210
vn 0.1678 0.9770 -0.1317
vn 0.7710 0.5506 -0.3201
vn 0.7867 0.5721 0.2320
vn 0.2552 0.6510 -0.7149
vn 0.1750 0.3941 0.9023
vn -0.9200 0.0245 -0.3912
vn -0.9533 0.0602 0.2959
vn -0.2896 -0.0000 -0.9572
vn 0.9200 0.0245 -0.3912
vn 0.9533 0.0602 0.2959
vn 0.2896 -0.0000 -0.9572
vn -0.1698 0.3877 0.9060
vn -0.5281 0.2480 0.8122
vn -0.6235 0.1962 0.7568
vn -0.8594 0.0165 0.5111
vn 0.5281 0.2480 0.8122
vn 0.1698 0.3877 0.9060
vn 0.6235 0.1962 0.7568
vn 0.8594 0.0165 0.5111
vn -0.1802 0.9380 -0.2961
vn 0.0796 0.9920 -0.0982
vn 0.0809 0.9915 -0.1016
vn -0.2070 0.9297 -0.3047
vn -0.7287 0.6083 -0.3144
vn -0.6361 0.6872 -0.3508
vn -0.0000 1.0000 -0.0092
vn -0.0796 0.9920 -0.0982
vn 0.1802 0.9380 -0.2961
vn 0.2071 0.9297 -0.3046
vn -0.0809 0.9915 -0.1016
vn 0.7287 0.6083 -0.3144
vn 0.6361 0.6872 -0.3508
vn -0.3391 0.9395 -0.0492
vn -0.5807 0.7993 -0.1547
vn -0.7027 0.6791 -0.2123
vn 0.5806 0.7993 -0.1547
vn 0.3391 0.9395 -0.0492
vn 0.7027 0.6791 -0.2123
vn -0.9073 -0.0357 -0.4190
vn -0.8858 -0.0138 0.4639
vn -0.9284 0.0269 0.3706
vn -0.8945 -0.0062 0.4470
vn -0.2978 -0.0002 -0.9546
vn 0.9073 -0.0357 -0.4190
vn 0.9284 0.0270 0.3705
vn 0.8858 -0.0138 0.4638
vn 0.8945 -0.0062 0.4470
vn 0.2978 -0.0002 -0.9546
vn -0.2514 0.4411 0.8615
vn -0.8399 -0.0491 0.5406
vn 0.2514 0.4411 0.8615
vn 0.8399 -0.0491 0.5406
vn 0.1207 -0.9077 0.4019
vn 0.0892 -0.9495 0.3008
vn 0.0897 -0.9504 0.2978
vn 0.1204 -0.9090 0.3990
vn 0.3946 -0.6943 0.6019
vn 0.3779 -0.7049 0.6003
vn -0.0000 -0.9287 0.3708
vn -0.0892 -0.9495 0.3008
vn -0.1207 -0.9077 0.4019
vn -0.1204 -0.9090 0.3990
vn -0.0897 -0.9504 0.2978
vn -0.3946 -0.6943 0.6019
vn -0.3779 -0.7049 0.6003
vn 0.2878 -0.9023 0.3211
vn 0.4559 -0.7691 0.4479
vn 0.5217 -0.6946 0.4954
vn -0.4559 -0.7691 0.4479
vn -0.2878 -0.9023 0.3211
vn -0.5217 -0.6946 0.4954
vn 0.6710 0.3161 -0.6707
vn -0.6710 0.3161 -0.6707
vn -0.6711 0.3161 0.6706
vn 0.6711 0.3161 0.6706
vn 0.7384 -0.1929 -0.6463
vn -0.7384 -0.1928 -0.6462
vn -0.6748 0.3419 0.6540
vn 0.6748 0.3419 0.6541
vn 0.6706 -0.7267 -0.1492
vn -0.6706 -0.7266 -0.1492
vn -0.6355 0.3418 0.6923
vn 0.6355 0.3418 0.6923
vn 0.6589 -0.7099 -0.2489
vn 0.6602 -0.7105 -0.2435
vn 0.6381 -0.6979 -0.3253
vn -0.6602 -0.7105 -0.2434
vn -0.6589 -0.7098 -0.2489
vn -0.6381 -0.6979 -0.3253
vn -0.7433 0.6571 0.1254
vn -0.7429 0.6558 0.1344
vn -0.7361 0.6412 0.2170
vn 0.7428 0.6559 0.1344
vn 0.7432 0.6572 0.1254
vn 0.7361 0.6412 0.2170
vn 0.7009 0.5574 -0.4450
vn 0.7211 0.6131 -0.3226
vn 0.7204 0.6103 -0.3295
vn -0.7009 0.5574 -0.4450
vn -0.7204 0.6103 -0.3296
vn -0.7211 0.6131 -0.3226
vn -0.7305 -0.6701 0.1315
vn -0.7288 -0.6806 0.0749
vn -0.7287 -0.6810 0.0724
vn 0.7305 -0.6701 0.1315
vn 0.7286 -0.6811 0.0724
vn 0.7289 -0.6805 0.0749
vn 0.7443 0.6603 -0.1004
vn 0.7449 0.6620 -0.0833
vn -0.7449 0.6619 -0.0833
vn -0.7443 0.6603 -0.1004
vn -0.7031 -0.7077 -0.0687
vn -0.7065 -0.7056 -0.0549
vn 0.7065 -0.7056 -0.0549
vn 0.7031 -0.7078 -0.0686
vn -0.0423 -0.9978 0.0505
vn -0.0430 -0.9978 -0.0503
vn -0.9143 -0.0375 -0.4033
vn -0.9333 -0.1512 0.3257
vn -0.3252 -0.0102 -0.9456
vn -0.2260 -0.9682 -0.1075
vn -0.2228 -0.9694 0.1029
vn -0.1064 -0.9383 -0.3291
vn -0.3239 -0.2087 0.9228
vn -0.0696 -0.9790 0.1917
vn 0.0423 -0.9978 0.0505
vn 0.0430 -0.9978 -0.0503
vn 0.9333 -0.1512 0.3258
vn 0.9143 -0.0375 -0.4033
vn 0.3252 -0.0102 -0.9456
vn 0.3239 -0.2087 0.9228
vn 0.2260 -0.9682 -0.1075
vn 0.2228 -0.9694 0.1029
vn 0.1064 -0.9383 -0.3291
vn 0.0696 -0.9790 0.1918
vn -0.9562 0.0745 0.2831
vn -0.9562 0.0745 -0.2831
vn -0.9503 -0.0562 -0.3063
vn -0.9503 -0.0562 0.3063
vn -0.3154 0.4407 -0.8404
vn -0.3234 -0.1244 -0.9381
vn -0.3154 0.4407 0.8404
vn -0.3234 -0.1244 0.9381
vn 0.9562 0.0745 0.2831
vn 0.9562 0.0745 -0.2831
vn 0.9503 -0.0562 -0.3063
vn 0.9503 -0.0562 0.3063
vn 0.3154 0.4407 -0.8404
vn 0.3234 -0.1244 -0.9381
vn 0.3154 0.4407 0.8404
vn 0.3234 -0.1244 0.9381
vn -0.0000 -0.1157 0.9933
vn -0.0000 -0.1157 -0.9933
vn 0.9483 -0.3174 -0.0000
vn -0.9483 -0.3174 -0.0000
vn -0.0000 0.1898 -0.9818
vn 0.9881 0.1537 0.0020
vn -0.0000 -0.0000 1.0000
vn -0.9881 0.1537 0.0020
vn -0.0000 0.8928 0.4505
vn -0.9728 0.1022 0.2081
vn -0.0000 -0.9994 0.0348
vn 0.9728 0.1022 0.2081
vn 0.9825 0.1864 -0.0000
vn -0.9217 -0.3879 -0.0000
vn 0.0142 -0.1077 -0.9941
vn 0.0142 -0.1077 0.9941
vn -0.9970 -0.0776 -0.0000
vn -0.0000 -0.0000 -1.0000
vn 0.9973 0.0729 -0.0000
vn -0.0000 0.8197 0.5728
vn -0.9276 0.0991 0.3601
vn 0.9276 0.0991 0.3601
vn -0.0000 0.1677 -0.9858
vn -0.9825 0.1864 -0.0000
vn 0.9217 -0.3879 -0.0000
vn -0.0142 -0.1077 -0.9941
vn -0.0142 -0.1077 0.9941
vn 0.9970 -0.0776 -0.0000
vn -0.9973 0.0729 -0.0000
vn -0.0000 0.2165 0.9763
vn -0.0000 0.8994 0.4371
vn 0.9690 0.1133 0.2194
vn -0.0000 -0.9997 0.0251
vn -0.9690 0.1133 0.2194
vn -0.4198 -0.1379 0.8971
vn -0.0421 0.9086 -0.4155
vn -0.3127 -0.0097 -0.9498
vn -0.0917 -0.9924 -0.0815
vn 0.8786 -0.3771 -0.2931
vn -0.8786 -0.3771 -0.2931
vn 0.4198 -0.1379 0.8971
vn 0.0421 0.9086 -0.4155
vn 0.3127 -0.0097 -0.9498
vn 0.0917 -0.9924 -0.0815
vn -0.4598 0.2888 0.8397
vn -0.8811 -0.0339 -0.4718
vn 0.1988 0.2605 -0.9448
vn 0.8810 -0.0339 -0.4718
vn 0.4598 0.2888 0.8397
vn -0.1988 0.2605 -0.9448
vn -0.6767 0.4979 -0.5424
vn 0.6767 0.4979 -0.5424
vn 0.3658 0.4752 0.8002
vn -0.3658 0.4752 0.8002
vn 0.0902 -0.9919 0.0898
vn -0.0902 -0.9919 0.0898
vn -0.8941 -0.3398 0.2916
vn -0.9674 0.0112 0.2528
vn -0.6908 0.7043 0.1633
vn -0.0725 0.9892 0.1270
vn 0.0725 0.9892 0.1270
vn 0.6908 0.7043 0.1633
vn 0.9674 0.0112 0.2528
vn 0.8941 -0.3398 0.2916
vn 0.2682 -0.0493 -0.9621
vn -0.2682 -0.0493 -0.9621
vn -0.3182 0.5380 -0.7806
vn -0.8126 0.5276 -0.2477
vn 0.3182 0.5380 -0.7806
vn 0.8126 0.5276 -0.2477
vn 0.8252 0.5040 0.2551
vn 0.3736 0.2580 0.8910
vn -0.3736 0.2580 0.8910
vn -0.8252 0.5040 0.2550
vn -0.0877 -0.9930 -0.0795
vn -0.0000 -0.9925 -0.1226
vn -0.0878 -0.9930 -0.0794
vn -0.1250 -0.9921 -0.0019
vn 0.0878 -0.9930 -0.0794
vn 0.1251 -0.9921 -0.0019
vn 0.1251 -0.9921 -0.0020
vn 0.0847 -0.9927 0.0860
vn -0.0000 -0.9917 0.1284
vn -0.0847 -0.9927 0.0860
vn -0.3830 -0.0000 -0.9238
vn 0.3829 -0.0000 0.9238
vn -0.9553 -0.0000 -0.2957
vn 0.9553 -0.0000 0.2956
vn 0.3830 -0.0000 -0.9238
vn -0.3829 -0.0000 0.9238
vn 0.9553 -0.0000 -0.2957
vn -0.9553 -0.0000 0.2956
vn 0.9546 -0.0000 0.2980
vn -0.9546 -0.0000 -0.2977
vn 0.3464 -0.0000 0.9381
vn -0.3463 -0.0000 -0.9381
vn -0.3464 -0.0000 0.9381
vn 0.3463 -0.0000 -0.9381
vn -0.9546 -0.0000 0.2980
vn 0.9547 -0.0000 -0.2977
vn -0.2365 -0.1089 0.9655
vn 0.2365 -0.1089 0.9655
vn -0.3162 -0.0000 -0.9487
vn 0.3162 -0.0000 -0.9487
vn 0.9487 -0.0000 0.3162
vn 0.9487 -0.0000 -0.3162
vn -0.9487 -0.0000 -0.3162
vn -0.9487 -0.0000 0.3162
vn -0.0669 -0.9962 -0.0562
vn 0.0669 -0.9962 -0.0562
vn -0.0024 -1.0000 -0.0072
vn -0.0000 -1.0000 -0.0072
vn 0.0035 -1.0000 -0.0036
vn 0.0048 -1.0000 -0.0048
vn -0.0071 -1.0000 -0.0000
vn -0.0071 -1.0000 -0.0024
vn -0.0070 -1.0000 0.0023
vn 0.0071 -1.0000 -0.0000
vn 0.0070 -1.0000 0.0023
vn -0.0278 0.2035 -0.9787
vn -0.4709 0.0759 -0.8789
vn 0.0278 -0.2035 0.9787
vn 0.4709 -0.0759 0.8789
vn -0.0350 -0.9994 -0.0000
vn 0.1765 0.9843 -0.0000
vn -1.0000 -0.0000 -0.0000
vn -0.5322 -0.8466 -0.0000
vn 1.0000 -0.0000 -0.0000
vn 0.4586 0.8887 -0.0000
vn 0.2452 0.2168 -0.9449
vn -0.2452 -0.2168 0.9449
vn -0.0000 0.9706 0.2406
vn -0.0000 -0.9706 -0.2406
vn -0.0000 -0.2406 0.9706
vn -0.0000 0.2406 -0.9706
vn -0.2446 -0.0240 0.9693
vn -0.2411 -0.0408 0.9696
vn -0.2561 0.0333 0.9661
vn 0.2411 -0.0408 0.9696
vn 0.2446 -0.0240 0.9693
vn 0.2561 0.0333 0.9661
vn -0.3202 0.1014 -0.9419
vn 0.3202 0.1014 -0.9419
vn -0.9561 0.1119 -0.2710
vn 0.9561 0.1119 -0.2710
vn 0.3748 0.0036 -0.9271
vn 0.3735 0.0036 -0.9276
vn 0.3824 0.0036 -0.9240
vn -0.3735 0.0036 -0.9276
vn -0.3748 0.0036 -0.9271
vn -0.3824 0.0036 -0.9240
vn -0.2285 -0.0983 0.9686
vn 0.2285 -0.0983 0.9686
vn -0.3659 0.0037 -0.9307
vn 0.3659 0.0037 -0.9307
vn -0.5015 -0.1365 0.8543
vn 0.1627 -0.3112 0.9363
vn 0.5382 0.4885 0.6868
vn -0.2022 0.6888 0.6962
vn -0.0247 0.9995 -0.0217
vn 0.6029 0.7976 0.0194
vn 0.5458 0.6423 -0.5381
vn -0.0725 0.8693 -0.4889
vn -0.3654 0.2447 -0.8981
vn 0.3730 0.0389 -0.9270
vn -0.0003 -0.7548 -0.6560
vn -0.6454 -0.5282 -0.5518
vn 0.7658 -0.5160 0.3838
vn 0.7059 -0.6791 -0.2015
vn 0.8966 -0.0004 -0.4429
vn 0.9627 0.1795 0.2027
vn 0.4979 0.8162 0.2932
vn 0.7331 0.5501 0.3999
vn 0.7320 0.5517 0.3998
vn 0.4958 0.8183 0.2908
vn 0.5803 0.8095 0.0887
vn 0.5851 0.8070 0.0806
vn 0.6148 0.2285 -0.7549
vn 0.3903 0.5235 -0.7574
vn 0.3887 0.5267 -0.7560
vn 0.6137 0.2299 -0.7553
vn 0.5101 0.6182 -0.5980
vn 0.5164 0.6199 -0.5908
vn 0.9049 0.1453 0.4000
vn 0.9049 0.1456 0.3999
vn 0.9830 0.0526 0.1760
vn 0.9833 0.0530 0.1742
vn 0.9911 0.0607 -0.1183
vn 0.9282 -0.0966 -0.3594
vn 0.9288 -0.0953 -0.3581
vn 0.8046 -0.1277 -0.5799
vn 0.8045 -0.1275 -0.5801
vn 0.6766 0.6885 -0.2611
vn -0.4877 -0.0116 0.8729
vn -0.4334 -0.0856 0.8971
vn -0.4338 -0.0851 0.8970
vn 0.1293 -0.3142 0.9405
vn -0.5894 -0.5101 -0.6265
vn -0.6420 -0.4314 -0.6339
vn -0.5897 -0.5096 -0.6265
vn -0.0336 -0.7578 -0.6517
vn -0.3812 -0.1515 0.9120
vn -0.2910 0.6785 0.6745
vn -0.0535 0.9985 -0.0114
vn -0.0807 0.9623 -0.2598
vn -0.1027 0.8647 -0.4916
vn -0.4478 0.2515 -0.8580
vn -0.5375 -0.5769 -0.6150
vn 0.6622 -0.7253 -0.1882
vn 0.7229 -0.5602 0.4045
vn -0.5197 -0.8085 -0.2761
vn -0.7566 -0.5603 -0.3372
vn -0.7549 -0.5626 -0.3370
vn -0.5215 -0.8071 -0.2767
vn -0.5993 -0.7956 -0.0882
vn -0.5966 -0.7973 -0.0918
vn -0.6491 -0.2681 0.7119
vn -0.4154 -0.5246 0.7432
vn -0.4171 -0.5229 0.7433
vn -0.6475 -0.2702 0.7125
vn -0.5295 -0.6055 0.5941
vn -0.5260 -0.6053 0.5974
vn -0.9006 -0.1986 -0.3867
vn -0.9004 -0.2000 -0.3865
vn -0.9828 -0.0853 -0.1635
vn -0.9828 -0.0851 -0.1642
vn -0.9842 -0.1169 0.1333
vn -0.9287 0.0621 0.3657
vn -0.9285 0.0626 0.3661
vn -0.8001 0.0750 0.5952
vn -0.7998 0.0736 0.5957
vn -0.7256 -0.6401 0.2526
vn 0.5810 -0.3529 0.7334
vn -0.0742 -0.5521 0.8305
vn -0.4616 0.2801 0.8417
vn 0.2787 0.4805 0.8315
vn 0.0358 0.9692 0.2437
vn -0.5873 0.7553 0.2908
vn -0.5873 0.7553 -0.2908
vn 0.0358 0.9692 -0.2437
vn 0.2787 0.4805 -0.8315
vn -0.4616 0.2801 -0.8417
vn -0.0742 -0.5521 -0.8305
vn 0.5811 -0.3529 -0.7334
vn -0.7313 -0.6099 0.3053
vn -0.7313 -0.6099 -0.3053
vn -0.9356 0.1059 -0.3367
vn -0.9356 0.1059 0.3367
vn -0.4557 0.7015 0.5479
vn -0.4539 0.7042 0.5460
vn -0.6817 0.4151 0.6025
vn -0.6828 0.4135 0.6023
vn -0.5580 0.7486 0.3582
vn -0.5635 0.7482 0.3502
vn -0.6828 0.4135 -0.6023
vn -0.6817 0.4151 -0.6025
vn -0.4539 0.7042 -0.5460
vn -0.4557 0.7015 -0.5479
vn -0.5635 0.7482 -0.3502
vn -0.5580 0.7486 -0.3582
vn -0.8592 0.0213 0.5112
vn -0.8592 0.0210 0.5111
vn -0.9606 -0.0086 0.2776
vn -0.9602 -0.0095 0.2793
vn -0.9971 0.0768 -0.0000
vn -0.9606 -0.0086 -0.2776
vn -0.9602 -0.0095 -0.2793
vn -0.8592 0.0213 -0.5111
vn -0.8593 0.0210 -0.5111
vn -0.6897 0.7241 -0.0000
vn 0.5708 -0.2378 0.7859
vn 0.5185 -0.3158 0.7946
vn 0.5182 -0.3162 0.7946
vn -0.0406 -0.5557 0.8304
vn 0.5182 -0.3163 -0.7946
vn 0.5185 -0.3158 -0.7946
vn 0.5708 -0.2378 -0.7859
vn -0.0406 -0.5557 -0.8304
vn 0.4668 -0.3845 0.7964
vn 0.3648 0.4775 0.7993
vn 0.0655 0.9659 0.2504
vn 0.0676 0.9977 -0.0000
vn 0.0655 0.9659 -0.2504
vn 0.3648 0.4775 -0.7993
vn 0.4668 -0.3845 -0.7964
vn -0.6871 -0.6575 -0.3091
vn -0.6871 -0.6575 0.3091
vn 0.4792 -0.6984 -0.5316
vn 0.4810 -0.6968 -0.5320
vn 0.7106 -0.4420 -0.5474
vn 0.7122 -0.4397 -0.5472
vn 0.5771 -0.7351 -0.3559
vn 0.5740 -0.7358 -0.3595
vn 0.7123 -0.4397 0.5471
vn 0.7106 -0.4420 0.5474
vn 0.4810 -0.6968 0.5320
vn 0.4792 -0.6984 0.5316
vn 0.5740 -0.7358 0.3595
vn 0.5771 -0.7351 0.3559
vn 0.8553 -0.0774 -0.5122
vn 0.8556 -0.0760 -0.5121
vn 0.9607 -0.0250 -0.2766
vn 0.9608 -0.0254 -0.2760
vn 0.9908 -0.1351 -0.0000
vn 0.9607 -0.0251 0.2766
vn 0.9608 -0.0254 0.2760
vn 0.8553 -0.0774 0.5122
vn 0.8556 -0.0760 0.5121
vn 0.7382 -0.6745 -0.0000
vn -0.3508 -0.1437 0.9254
vn -0.3540 -0.1548 0.9224
vn -0.3207 -0.0930 0.9426
vn -0.3184 -0.0868 0.9440
vn -0.2487 0.3556 0.9009
vn 0.3508 -0.1437 0.9254
vn 0.3878 -0.1333 0.9121
vn 0.4243 -0.0824 0.9018
vn 0.4199 -0.0963 0.9025
vn 0.4662 0.2320 0.8537
vn 0.4812 0.1207 0.8683
vn 0.4513 0.2329 0.8615
vn -0.0811 0.9826 0.1673
vn 0.3948 0.8889 0.2325
vn 0.3928 0.8921 0.2233
vn 0.3948 0.8888 0.2326
vn -0.1481 0.3189 -0.9362
vn 0.3258 0.2834 -0.9020
vn 0.3643 0.2698 -0.8913
vn 0.4592 0.1314 -0.8786
vn -0.0350 0.9312 -0.3629
vn -0.2428 0.0692 -0.9676
vn -0.2541 0.0556 -0.9656
vn -0.2920 0.0660 -0.9541
vn 0.3903 0.8484 -0.3576
vn 0.3879 0.8443 -0.3697
vn 0.4090 0.6569 -0.6334
vn 0.3762 0.0380 -0.9258
vn 0.5334 0.0152 -0.8457
vn 0.5298 0.0185 -0.8479
vn 0.5318 0.0185 -0.8467
vn -0.1714 0.0730 -0.9825
vn 0.5264 0.0282 -0.8498
vn -0.1403 0.4038 -0.9040
vn 0.3513 0.3081 -0.8841
vn 0.3258 0.3197 -0.8897
vn 0.3341 0.0368 -0.9418
vn 0.3160 0.0487 -0.9475
vn 0.1714 0.0730 -0.9825
vn 0.1481 0.3189 -0.9362
vn 0.1403 0.4038 -0.9040
vn 0.0350 0.9312 -0.3629
vn 0.0811 0.9826 0.1673
vn 0.2487 0.3556 0.9009
vn 0.3540 -0.1548 0.9224
vn 0.3184 -0.0868 0.9440
vn 0.3207 -0.0930 0.9426
vn -0.4706 0.0625 -0.8801
vn -0.4435 0.0743 -0.8932
vn -0.4450 0.0783 -0.8921
vn -0.4594 0.1303 -0.8786
vn -0.5338 0.0259 -0.8452
vn -0.3643 0.2698 -0.8913
vn -0.3258 0.2834 -0.9020
vn -0.3513 0.3081 -0.8841
vn -0.4090 0.6569 -0.6334
vn -0.3258 0.3197 -0.8897
vn -0.3879 0.8443 -0.3697
vn -0.3903 0.8484 -0.3576
vn -0.3948 0.8888 0.2326
vn -0.3928 0.8921 0.2233
vn -0.3948 0.8889 0.2325
vn -0.4812 0.1207 0.8683
vn -0.4662 0.2320 0.8537
vn -0.4513 0.2329 0.8615
vn -0.3878 -0.1333 0.9121
vn -0.4199 -0.0963 0.9025
vn -0.4243 -0.0824 0.9018
vn 0.4863 -0.0100 0.8737
vn 0.5060 -0.0116 0.8625
vn 0.3058 -0.0260 0.9517
vn 0.3052 -0.0260 0.9519
vn -0.3052 -0.0260 0.9519
vn -0.3058 -0.0260 0.9517
vn -0.5057 -0.0116 0.8626
vn -0.4863 -0.0100 0.8737
vn -0.3979 -0.2017 0.8950
vn -0.4326 -0.2373 0.8698
vn 0.3979 -0.2017 0.8950
vn 0.3939 -0.1243 0.9107
vn 0.4213 -0.0476 0.9057
vn 0.4187 0.0986 0.9027
vn 0.4045 0.2350 0.8838
vn 0.4028 0.8742 0.2713
vn 0.5206 0.2067 -0.8284
vn 0.5098 0.0741 -0.8571
vn -0.3327 -0.0428 -0.9421
vn -0.3642 0.0006 -0.9313
vn 0.3769 0.8254 -0.4203
vn 0.4370 0.6400 -0.6319
vn 0.5215 0.0187 -0.8531
vn 0.5271 0.0281 -0.8493
vn 0.4853 -0.0069 -0.8743
vn 0.4579 0.2549 -0.8517
vn 0.4598 -0.0493 -0.8867
vn 0.4327 -0.2373 0.8698
vn -0.4494 0.0899 -0.8888
vn -0.4776 0.0682 -0.8759
vn -0.4964 0.0728 -0.8650
vn -0.5206 0.2067 -0.8284
vn -0.4578 0.2549 -0.8517
vn -0.4370 0.6400 -0.6319
vn -0.3769 0.8254 -0.4203
vn -0.4028 0.8742 0.2713
vn -0.4045 0.2350 0.8838
vn -0.4188 0.0986 0.9027
vn -0.3939 -0.1243 0.9107
vn -0.4213 -0.0476 0.9057
vn 0.4240 -0.0057 0.9056
vn -0.4240 -0.0057 0.9056
vn 0.5270 -0.0114 0.8498
vn 0.3162 -0.0259 0.9483
vn -0.3162 -0.0259 0.9483
vn -0.5270 -0.0114 0.8498
vn -0.3756 -0.0249 0.9264
vn -0.3083 -0.0230 0.9510
vn -0.1947 -0.1404 0.9708
vn -0.3682 0.0096 0.9297
vn 0.5610 0.0387 0.8269
vn 0.6145 0.0419 0.7878
vn 0.6081 0.0936 0.7883
vn 0.5031 -0.0727 0.8612
vn 0.4955 -0.2365 0.8358
vn 0.1937 -0.2596 0.9461
vn 0.4606 -0.2166 0.8607
vn -0.1004 -0.2804 0.9546
vn -0.1257 -0.3016 0.9451
vn 0.3643 0.0119 -0.9312
vn 0.3566 0.0002 -0.9343
vn 0.2338 0.1346 -0.9629
vn 0.3318 0.0071 -0.9433
vn -0.5718 -0.0499 -0.8189
vn -0.5280 0.0660 -0.8467
vn -0.5997 -0.0740 -0.7968
vn -0.6042 -0.0528 -0.7951
vn -0.4955 0.2365 -0.8358
vn -0.4787 0.2284 -0.8478
vn -0.1957 0.2969 -0.9346
vn 0.1257 0.3016 -0.9451
vn 0.1224 0.2977 -0.9468
vn -0.9685 0.1273 -0.2139
vn 0.8744 0.3001 -0.3813
vn 0.8918 -0.2758 -0.3587
vn 0.7822 -0.5105 -0.3571
vn 0.8004 -0.4803 -0.3588
vn 0.6462 -0.6849 -0.3367
vn -0.5457 -0.8039 -0.2364
vn -0.7404 -0.6338 -0.2239
vn -0.7479 -0.6253 -0.2229
vn -0.8877 -0.4167 -0.1956
vn -0.2310 -0.0939 0.9684
vn -0.0550 -0.0504 0.9972
vn 0.2125 0.0666 -0.9749
vn 0.3021 0.0231 -0.9530
vn -0.4079 -0.2139 0.8876
vn 0.4096 0.0828 -0.9085
vn 0.2975 -0.0244 0.9544
vn 0.4798 -0.0832 0.8734
vn -0.5258 -0.0001 -0.8506
vn -0.4390 0.0228 -0.8982
vn 0.6230 -0.1727 0.7629
vn -0.6215 0.0475 -0.7820
vn 0.3032 -0.1313 0.9438
vn -0.4116 0.2049 -0.8880
vn 0.1762 -0.2006 0.9637
vn -0.1874 0.3233 -0.9275
vn 0.0048 -0.1960 0.9806
vn 0.1010 0.2928 -0.9508
vn 0.3756 -0.0249 0.9264
vn 0.3682 0.0096 0.9297
vn 0.1946 -0.1404 0.9708
vn 0.3083 -0.0230 0.9510
vn -0.5610 0.0387 0.8269
vn -0.5031 -0.0727 0.8612
vn -0.6081 0.0936 0.7883
vn -0.6145 0.0419 0.7878
vn -0.4955 -0.2365 0.8358
vn -0.4606 -0.2166 0.8608
vn -0.1937 -0.2596 0.9461
vn 0.1257 -0.3016 0.9451
vn 0.1004 -0.2804 0.9546
vn -0.3643 0.0119 -0.9312
vn -0.3318 0.0071 -0.9433
vn -0.2338 0.1346 -0.9629
vn -0.3566 0.0002 -0.9343
vn 0.5718 -0.0499 -0.8189
vn 0.6042 -0.0528 -0.7951
vn 0.5997 -0.0740 -0.7968
vn 0.5280 0.0660 -0.8467
vn 0.4955 0.2365 -0.8358
vn 0.1957 0.2969 -0.9346
vn 0.4787 0.2284 -0.8478
vn -0.1224 0.2978 -0.9468
vn -0.1257 0.3016 -0.9451
vn 0.9685 0.1273 -0.2140
vn -0.8744 0.3001 -0.3813
vn -0.8918 -0.2758 -0.3587
vn -0.8004 -0.4803 -0.3588
vn -0.7822 -0.5105 -0.3571
vn -0.6462 -0.6849 -0.3367
vn 0.5457 -0.8039 -0.2364
vn 0.7479 -0.6253 -0.2229
vn 0.7404 -0.6338 -0.2238
vn 0.8877 -0.4167 -0.1956
vn 0.0550 -0.0504 0.9972
vn 0.2310 -0.0939 0.9684
vn -0.3021 0.0231 -0.9530
vn -0.2125 0.0666 -0.9749
vn 0.4079 -0.2139 0.8876
vn -0.4096 0.0828 -0.9085
vn -0.4798 -0.0832 0.8734
vn -0.2975 -0.0244 0.9544
vn 0.4390 0.0227 -0.8982
vn 0.5258 -0.0001 -0.8506
vn -0.6230 -0.1727 0.7629
vn 0.6215 0.0475 -0.7820
vn -0.3032 -0.1311 0.9439
vn 0.4116 0.2049 -0.8880
vn -0.1762 -0.2006 0.9637
vn 0.1874 0.3233 -0.9275
vn -0.0048 -0.1960 0.9806
vn -0.1013 0.2926 -0.9509
vn -0.8214 0.3174 0.4739
vn 0.7912 -0.2515 -0.5575
vn 0.2001 -0.7535 0.6262
vn -0.5396 -0.7059 -0.4589
vn 0.5014 0.7803 0.3738
vn 0.8270 -0.4126 -0.3819
vn -0.5121 -0.7611 -0.3982
vn -0.7514 0.1477 0.6430
vn 0.6102 0.4740 0.6348
vn 0.4761 0.2242 0.8503
vn 0.1557 0.2779 0.9479
vn 0.1273 0.2810 0.9512
vn -0.0000 0.8703 -0.4925
vn 0.4761 -0.6136 -0.6300
vn 0.1273 -0.6708 -0.7307
vn 0.1557 -0.6695 -0.7263
vn 0.3247 -0.8231 0.4658
vn 0.3247 -0.8267 0.4595
vn -0.9425 0.0280 0.3330
vn -0.9892 -0.1276 0.0722
vn 0.9651 -0.2278 0.1289
vn 0.9209 -0.0699 0.3836
vn -0.3717 -0.6276 -0.6840
vn -0.3769 -0.6264 -0.6823
vn -0.3323 -0.3241 0.8857
vn -0.1960 -0.8534 0.4830
vn 0.1486 -0.8606 0.4871
vn 0.0202 -0.3796 0.9249
vn -0.3769 0.2624 0.8883
vn -0.3717 0.2633 0.8902
vn 0.9209 -0.3648 -0.1376
vn 0.3247 -0.8195 0.4721
vn 0.0202 -0.9884 -0.1507
vn -0.3323 -0.9262 -0.1781
vn -0.9425 -0.2711 -0.1955
vn -0.6465 -0.5272 -0.5514
vn -0.4434 -0.7801 0.4415
vn -0.5404 -0.8342 -0.1103
vn -0.5404 -0.3349 0.7719
vn -0.6465 0.2013 0.7358
vn 0.9280 -0.2545 -0.2721
vn 0.9974 -0.0697 0.0168
vn 0.9975 -0.0451 0.0542
vn -0.1164 0.6898 0.7146
vn -0.1164 -0.2574 -0.9593
vn -0.6528 -0.2517 -0.7145
vn -0.9718 -0.1032 -0.2118
vn -0.9822 -0.0925 -0.1635
vn -0.9573 -0.1149 -0.2653
vn -0.9573 0.1683 0.2352
vn -0.9822 0.0925 0.1635
vn -0.9718 0.1284 0.1975
vn -0.6528 0.4830 0.5836
vn -0.9531 0.1783 0.2445
vn -0.4072 0.0547 0.9117
vn -0.6034 0.0937 0.7919
vn -0.1109 -0.0021 0.9938
vn -0.4072 -0.7535 -0.5162
vn -0.1109 -0.8531 -0.5099
vn -0.6034 -0.6307 -0.4880
vn -0.9531 -0.1178 -0.2787
vn 0.9549 -0.2265 0.1917
vn 0.9575 -0.2529 0.1388
vn 0.9574 -0.2496 0.1455
vn 0.9454 0.1224 0.3020
vn 0.9572 -0.2726 0.0976
vn 0.4205 -0.8989 0.1227
vn -0.4127 0.8063 -0.4238
vn 0.5765 -0.6659 -0.4735
vn 0.4205 -0.5680 0.7075
vn 0.5765 0.0631 0.8146
vn -0.4106 0.7821 -0.4688
vn 0.4281 0.4451 0.7865
vn -0.4281 -0.4451 -0.7865
vn 0.9510 0.1523 0.2691
vn -0.9510 -0.1523 -0.2691
vn -0.0848 0.4908 0.8672
vn 0.0848 -0.4907 -0.8672
vn 0.4281 -0.4451 -0.7865
vn -0.4281 0.4451 0.7865
vn 0.9510 -0.1523 -0.2691
vn -0.9510 0.1523 0.2691
vn -0.0848 -0.4907 -0.8672
vn 0.0848 0.4907 0.8672
vn -0.6961 0.3536 0.6248
vn 0.6961 -0.3536 -0.6248
vn -0.9518 0.1510 0.2668
vn 0.9518 -0.1510 -0.2669
vn -0.9518 -0.1510 -0.2668
vn 0.9518 0.1510 0.2669
vn -0.6961 -0.3536 -0.6248
vn 0.6961 0.3536 0.6248
vn -0.9040 0.3814 0.1931
vn -0.9048 0.3796 0.1931
vn -0.9196 0.3751 0.1165
vn -0.9342 0.3538 0.0455
vn 0.2187 -0.1177 0.9687
vn 0.0219 -0.4228 0.9060
vn 0.0119 -0.4365 0.8996
vn -0.1104 0.3029 -0.9466
vn -0.1179 0.2913 -0.9493
vn -0.2134 -0.1986 -0.9565
vn -0.2188 -0.1644 -0.9618
vn 0.9519 -0.2996 -0.0639
vn 0.9034 -0.3958 -0.1649
vn 0.8127 -0.5189 -0.2653
vn 0.8193 -0.5109 -0.2604
vn -0.9066 0.3752 0.1931
vn 0.7969 -0.5372 -0.2765
vn -0.0610 0.3771 -0.9241
vn -0.0610 -0.5330 0.8439
vn 0.9731 -0.2302 0.0059
vn -0.1920 -0.3192 -0.9280
vn -0.9417 0.3363 -0.0085
vn 0.2108 0.4205 0.8825
vn 0.9872 0.0771 0.1396
vn -0.1350 0.9021 0.4099
vn -0.0172 0.9218 0.3873
vn -0.0119 0.9237 0.3829
vn -0.1791 0.9097 0.3747
vn 0.0905 -0.9723 -0.2155
vn 0.1526 -0.9337 -0.3240
vn 0.1861 -0.9243 -0.3333
vn 0.0883 -0.9745 -0.2065
vn -0.9823 -0.0615 -0.1770
vn 0.9076 0.1372 -0.3967
vn -0.7849 -0.1805 0.5927
vn 0.0806 -0.9812 -0.1754
vn 0.0115 0.9316 0.3633
vn -0.5378 0.0893 -0.8383
vn 0.2172 -0.9144 -0.3417
vn 0.7709 -0.0128 0.6368
vn -0.2177 0.9139 0.3426
vn 0.2989 0.5616 0.7715
vn -0.1917 -0.5759 -0.7947
vn -0.9559 -0.0722 0.2846
vn 0.0874 -0.8204 0.5651
vn 0.0298 0.8108 -0.5846
vn -0.4183 -0.5613 -0.7141
vn 0.0024 -0.8150 0.5795
vn 0.0548 0.5655 0.8229
vn -0.3757 0.7860 -0.4910
vn -0.6028 0.7677 -0.2173
vn -0.4639 0.8798 0.1039
vn -0.4773 0.8752 0.0788
vn 0.8537 0.2496 -0.4569
vn 0.8538 0.2496 -0.4569
vn 0.8537 0.2497 -0.4569
vn -0.2285 -0.8794 -0.4177
vn -0.0539 -0.9876 -0.1478
vn -0.0385 -0.9916 -0.1238
vn -0.9607 -0.2362 0.1458
vn -0.9591 -0.2432 0.1450
vn 0.2587 0.2591 0.9305
vn 0.3417 -0.0366 0.9391
vn -0.6789 -0.0654 -0.7313
vn -0.7137 0.2276 -0.6625
vn 0.1980 -0.9260 0.3216
vn 0.1958 -0.9281 0.3168
vn -0.5910 0.4125 0.6932
vn -0.8165 0.4022 0.4142
vn -0.9144 -0.2469 0.3209
vn -0.7447 -0.2448 0.6209
vn -0.2023 0.8235 0.5300
vn -0.1993 0.8215 0.5342
vn 0.8538 0.2498 -0.4568
vn -0.5819 -0.3523 -0.7330
vn -0.9623 -0.2291 0.1467
vn -0.5445 -0.7946 0.2685
vn -0.3219 -0.7712 0.5492
vn 0.3924 -0.3289 0.8590
vn 0.8537 0.2497 -0.4570
vn 0.8537 0.2496 -0.4570
vn 0.3080 -0.7629 0.5684
vn -0.5560 -0.2238 0.8005
vn -0.2069 -0.6585 0.7236
vn -0.4300 0.3231 0.8430
vn -0.0175 0.6694 0.7427
vn -0.4328 -0.3725 -0.8209
vn -0.5325 0.0077 -0.8464
vn -0.5252 -0.0363 -0.8502
vn 0.0553 0.9932 0.1024
vn 0.4787 -0.8692 -0.1241
vn 0.5856 -0.6890 0.4269
vn 0.5227 -0.2241 0.8225
vn 0.5412 -0.2709 0.7961
vn 0.5048 -0.1818 0.8439
vn 0.4146 0.2861 0.8638
vn 0.4192 0.2313 0.8779
vn 0.4222 0.1818 0.8881
vn 0.2573 0.7554 0.6026
vn 0.4132 0.2998 0.8599
vn -0.3312 0.6942 0.6391
vn -0.1405 0.6351 0.7596
vn -0.5572 0.7139 0.4241
vn 0.0300 -0.8946 0.4458
vn -0.1770 -0.9592 0.2204
vn 0.1833 -0.7891 0.5863
vn 0.5456 -0.2825 0.7890
vn -0.7117 -0.0192 -0.7022
vn -0.6992 -0.0685 -0.7116
vn -0.6973 -0.0756 -0.7128
vn -0.5533 0.3024 -0.7762
vn -0.6844 -0.1191 -0.7193
vn -0.8440 -0.5358 -0.0253
vn 0.9658 0.2547 -0.0489
vn -0.4048 -0.8031 -0.4373
vn -0.9919 0.1150 0.0538
vn -0.7306 0.6302 -0.2629
vn 0.9770 0.2055 -0.0573
vn -0.0000 0.8421 -0.5393
vn -0.0000 0.5393 0.8421
vn -0.0000 -0.8421 0.5393
vn -0.0000 -0.5393 -0.8421
vn -0.0000 -0.6628 0.7488
vn -0.9620 0.1473 0.2300
vn -0.0000 0.9574 -0.2887
vn 0.9620 0.1473 0.2300
vn -0.0000 -0.9606 0.2779
vn -0.9588 -0.1532 -0.2392
vn -0.0000 0.6543 -0.7562
vn 0.9588 -0.1532 -0.2392
vn -0.0000 -0.0271 -0.9996
vn 0.9827 -0.1559 0.0998
vn -0.0000 0.8966 0.4429
vn -0.9827 -0.1559 0.0998
vn -0.0000 -0.1898 -0.9818
vn 0.9996 0.0277 -0.0054
vn -0.0000 0.0521 0.9986
vn -0.9996 0.0277 -0.0054
vn -0.0000 0.8127 -0.5827
vn 0.9904 -0.1179 0.0716
vn -0.9904 -0.1179 0.0716
vn 0.9917 -0.0722 0.1062
vn -0.9917 -0.0722 0.1062
vn -0.1705 0.9754 0.1399
vn -0.6907 -0.0688 0.7199
vn -0.6391 -0.3640 0.6776
vn -0.4995 -0.6740 0.5444
vn -0.1313 -0.9760 0.1735
vn 0.4400 -0.7901 -0.4268
vn 0.6686 -0.2937 -0.6832
vn 0.6907 0.0688 -0.7199
vn 0.6391 0.3640 -0.6775
vn -0.7201 -0.0264 -0.6934
vn 0.7201 0.0264 0.6934
vn 0.6285 -0.6732 0.3896
vn 0.9979 0.0605 0.0237
vn 0.9635 0.2629 0.0497
vn 0.8798 0.4229 0.2171
vn 0.6971 0.4980 0.5158
vn 0.4102 0.4046 0.8173
vn 0.1656 0.1904 0.9676
vn 0.0616 -0.0307 0.9976
vn 0.0997 -0.2318 0.9676
vn 0.6726 0.2190 -0.7069
vn 0.6892 0.1623 0.7061
vn 0.7372 -0.1149 0.6659
vn 0.6892 0.1624 0.7061
vn -0.6726 -0.2190 0.7069
vn -0.6864 -0.1723 -0.7065
vn -0.7391 0.1522 -0.6562
vn 0.6036 0.3902 0.6953
vn -0.6139 -0.3682 -0.6982
vn 0.7362 -0.2948 0.6092
vn -0.7335 0.3239 -0.5976
vn 0.5869 -0.7396 0.3294
vn -0.5870 0.7396 -0.3294
vn 0.4069 0.6884 0.6005
vn -0.3763 -0.7213 -0.5815
vt 0.375000 0.000000
vt 0.625000 0.000000
vt 0.625000 0.250000
vt 0.375000 0.250000
vt 0.625000 0.500000
vt 0.375000 0.500000
vt 0.375000 0.750000
vt 0.625000 0.750000
vt 0.625000 1.000000
vt 0.375000 1.000000
vt 0.875000 0.000000
vt 0.875000 0.250000
vt 0.125000 0.000000
vt 0.125000 0.250000
vt 0.000000 0.000000
vt 1.000000 0.000000
vt 1.000000 1.000000
vt 0.000000 1.000000
vt 0.500000 0.000000
vt 0.562500 0.000000
vt 0.562500 0.250000
vt 0.500000 0.250000
vt 0.437500 0.000000
vt 0.437500 0.250000
vt 0.375000 0.375000
vt 0.406250 0.281250
vt 0.406250 0.375000
vt 0.430555 0.305556
vt 0.593750 0.281250
vt 0.625000 0.375000
vt 0.500000 1.000000
vt 0.500000 0.375000
vt 0.500000 0.281250
vt 0.593750 0.375000
vt 0.569444 0.305556
vt 0.500000 0.500000
vt 0.039453 0.624554
vt 0.041334 0.620558
vt 0.036480 0.620558
vt 0.036480 0.624554
vt 0.031625 0.620558
vt 0.033507 0.624554
vt 0.038486 0.624554
vt 0.034474 0.624554
vt 0.038077 0.629739
vt 0.036480 0.629739
vt 0.034882 0.629739
vt 0.040435 0.629739
vt 0.032525 0.629739
vt 0.036480 0.631154
vt 0.039940 0.631154
vt 0.033020 0.631154
vt 0.036480 0.641057
vt 0.036480 0.635398
vt 0.038457 0.635398
vt 0.034503 0.635398
vt 0.036480 0.632568
vt 0.039446 0.632568
vt 0.033514 0.632568
vt 0.000000 0.000000
vt 0.769057 0.000000
vt 0.902506 0.726792
vt 0.183614 1.000000
vt 0.500000 0.125000
vt 0.375000 0.125000
vt 0.420246 0.500000
vt 0.420246 0.375000
vt 0.375000 0.625000
vt 0.500000 0.625000
vt 0.500000 0.750000
vt 0.500000 0.875000
vt 0.375000 0.875000
vt 0.750000 0.125000
vt 0.750000 0.000000
vt 0.875000 0.125000
vt 0.250000 0.000000
vt 0.250000 0.125000
vt 0.125000 0.125000
vt 0.625000 0.125000
vt 0.579754 0.375000
vt 0.579754 0.500000
vt 0.625000 0.625000
vt 0.625000 0.875000
vt 0.375000 0.187506
vt 0.250000 0.187506
vt 0.125000 0.187506
vt 0.625000 0.562494
vt 0.500000 0.523281
vt 0.875000 0.187506
vt 0.750000 0.187506
vt 0.625000 0.187506
vt 0.375000 0.562494
vt 0.579754 0.250000
vt 0.420246 0.250000
vt 0.750000 0.250000
vt 0.250000 0.250000
vt 0.322957 0.532499
vt 0.500000 0.494226
vt 0.500000 0.742581
vt 0.322957 0.742581
vt 0.677043 0.532499
vt 0.677043 0.742581
vt 0.147498 0.890183
vt 0.170482 0.890183
vt 0.170482 0.870995
vt 0.144721 0.875469
vt 0.193467 0.890183
vt 0.196243 0.875469
vt 0.140418 0.881175
vt 0.140418 0.890183
vt 0.200546 0.890183
vt 0.200546 0.881175
vt 0.170482 0.843360
vt 0.195858 0.846627
vt 0.195474 0.820921
vt 0.170482 0.812591
vt 0.145106 0.846627
vt 0.145491 0.820921
vt 0.322957 0.358986
vt 0.500000 0.209301
vt 0.677043 0.358986
vt 0.375000 0.625000
vt 0.647628 0.330699
vt 0.500000 0.188959
vt 0.500000 0.717638
vt 0.647628 0.735524
vt 0.647628 0.874720
vt 0.500000 0.874720
vt 0.500000 0.996445
vt 0.691115 0.987357
vt 0.352372 0.330699
vt 0.204742 0.479361
vt 0.267061 0.754281
vt 0.352372 0.735524
vt 0.308885 0.987357
vt 0.352372 0.874720
vt 0.267061 0.874720
vt 0.204742 0.963129
vt 0.500000 1.012937
vt 0.691115 1.008415
vt 0.204742 0.988752
vt 0.308885 1.008415
vt 0.647628 0.840390
vt 0.691115 0.961370
vt 0.500000 0.968107
vt 0.500000 0.840028
vt 0.352372 0.840390
vt 0.308885 0.961370
vt 0.204742 0.939534
vt 0.268820 0.840752
vt 0.500000 0.993897
vt 0.691115 0.987401
vt 0.647628 0.736318
vt 0.500000 0.735918
vt 0.500000 0.026187
vt 0.647628 0.147249
vt 0.308885 0.987401
vt 0.204742 0.965767
vt 0.352372 0.147249
vt 0.352372 0.736318
vt 0.268820 0.736719
vt 0.204742 0.268312
vt 0.731179 0.736719
vt 0.795258 0.268312
vt 0.731179 0.840752
vt 0.795258 0.939534
vt 0.795258 0.965767
vt 0.795258 0.988752
vt 0.795258 0.963129
vt 0.732939 0.874720
vt 0.795258 0.479361
vt 0.732939 0.754281
vt 0.267061 0.787932
vt 0.352372 0.783688
vt 0.500000 0.779640
vt 0.647628 0.783688
vt 0.732939 0.787932
vt 0.457035 0.375000
vt 0.375000 1.000000
vt 0.500000 1.000000
vt 0.468753 0.875000
vt 0.578141 0.250000
vt 0.578141 0.750000
vt 0.578141 0.500000
vt 0.583986 0.937500
vt 0.589831 0.875000
vt 0.484377 0.937500
vt 0.578141 0.000000
vt 0.484377 0.812500
vt 0.583986 0.812500
vt 0.625000 0.812500
vt 0.625000 0.937500
vt 0.500000 0.862395
vt 0.578141 1.000000
vt 0.625000 1.000000
vt 0.374998 0.058628
vt 0.625002 0.055065
vt 0.457248 0.000000
vt 0.125005 0.059746
vt 0.874995 0.056000
vt 0.401552 0.750000
vt 0.510023 0.750000
vt 0.625000 0.694002
vt 0.375003 0.690254
vt 0.375000 0.250000
vt 0.625000 0.250000
vt 0.375004 0.500001
vt 0.624999 0.500001
vt 0.874999 0.249999
vt 0.125001 0.249999
vt 0.375000 0.750001
vt 0.625000 0.750821
vt 0.375009 1.000000
vt 0.375000 0.046072
vt 0.420413 0.000000
vt 0.623383 0.043000
vt 0.244475 0.000000
vt 0.125000 0.065056
vt 0.761689 0.000000
vt 0.873276 0.062544
vt 0.375000 0.753137
vt 0.378897 0.685837
vt 0.625000 0.688192
vt 0.625000 0.744627
vt 0.625000 0.249997
vt 0.375000 0.500001
vt 0.624999 0.500000
vt 0.874999 0.250000
vt 0.125000 0.249999
vt 0.625000 0.999997
vt 0.382537 1.000000
vt 0.041958 0.538205
vt 0.031372 0.538205
vt 0.031372 0.548791
vt 0.041958 0.548791
vt 0.042039 0.538124
vt 0.031290 0.538124
vt 0.029361 0.536194
vt 0.043969 0.536194
vt 0.031290 0.548872
vt 0.029361 0.550802
vt 0.042039 0.548872
vt 0.043969 0.550802
vt 0.375000 0.688440
vt 0.375000 0.312500
vt 0.458333 0.312500
vt 0.458333 0.688440
vt 0.479167 0.312500
vt 0.479167 0.688440
vt 0.500000 0.312500
vt 0.500000 0.688440
vt 0.520833 0.312500
vt 0.520833 0.688440
vt 0.541667 0.312500
vt 0.541667 0.688440
vt 0.562500 0.312500
vt 0.562500 0.688440
vt 0.583333 0.312500
vt 0.583333 0.688440
vt 0.604167 0.312500
vt 0.604167 0.688440
vt 0.625000 0.312500
vt 0.625000 0.688440
vt 0.364684 0.078125
vt 0.635316 0.078125
vt 0.500000 0.150000
vt 0.343750 0.156250
vt 0.364684 0.234375
vt 0.421875 0.291566
vt 0.500000 0.312500
vt 0.578125 0.291566
vt 0.635316 0.234375
vt 0.656250 0.156250
vt 0.500000 0.562513
vt 0.665210 0.729472
vt 0.334790 0.729472
vt 0.309232 0.562513
vt 0.334790 0.395554
vt 0.404616 0.273331
vt 0.500000 0.228595
vt 0.595384 0.273331
vt 0.665210 0.395554
vt 0.690768 0.562513
vt 0.635316 0.921875
vt 0.364684 0.921875
vt 0.343750 0.843750
vt 0.364684 0.765625
vt 0.421875 0.708434
vt 0.500000 0.687500
vt 0.578125 0.708434
vt 0.635316 0.765625
vt 0.656250 0.843750
vt 0.531247 1.000000
vt 0.468753 1.000000
vt 0.468753 0.750000
vt 0.531247 0.750000
vt 0.468753 0.000000
vt 0.531247 0.250000
vt 0.468753 0.250000
vt 0.531247 0.500000
vt 0.468753 0.500000
vt 0.375000 0.500000
vt 0.531247 0.000000
vt 0.625000 0.750000
s 1
usemtl PG_Mat01
f 1/1/1 2/2/1 4/3/1 3/4/1
f 3/4/2 4/3/2 6/5/2 5/6/2
f 7/7/3 8/8/3 2/9/3 1/10/3
f 2/2/4 8/11/4 6/12/4 4/3/4
f 7/13/5 1/1/5 3/4/5 5/14/5
f 9/1/6 11/4/6 12/3/6 10/2/6
f 11/4/2 13/6/2 14/5/2 12/3/2
f 15/7/3 9/10/3 10/9/3 16/8/3
f 10/2/7 12/3/7 14/12/7 16/11/7
f 15/13/8 13/14/8 11/4/8 9/1/8
f 231/28/237 233/33/237 241/32/237 234/27/237
f 233/33/238 232/35/238 235/34/238 241/32/238
f 236/22/239 230/29/239 240/29/239 242/22/239
f 239/26/240 229/26/240 236/22/240 242/22/240
f 230/29/241 237/30/241 243/30/241 240/29/241
f 242/22/242 240/29/242 232/35/242 233/33/242
f 239/26/243 242/22/243 233/33/243 231/28/243
f 240/29/244 243/30/244 235/34/244 232/35/244
f 244/25/245 238/25/245 229/26/245 239/26/245
f 244/25/246 239/26/246 231/28/246 234/27/246
f 247/28/247 234/27/247 241/32/247 249/33/247
f 249/33/248 241/32/248 235/34/248 248/35/248
f 245/26/249 251/26/249 253/22/249 250/22/249
f 250/22/250 253/22/250 252/29/250 246/29/250
f 252/29/251 243/30/251 237/30/251 246/29/251
f 244/25/252 251/26/252 245/26/252 238/25/252
f 253/22/253 249/33/253 248/35/253 252/29/253
f 251/26/254 247/28/254 249/33/254 253/22/254
f 252/29/255 248/35/255 235/34/255 243/30/255
f 244/25/256 234/27/256 247/28/256 251/26/256
f 294/1/285 295/2/285 297/3/285 296/4/285
f 298/6/286 299/5/286 301/8/286 300/7/286
f 295/2/287 301/11/287 299/12/287 297/3/287
f 300/13/288 294/1/288 296/4/288 298/14/288
f 300/7/289 301/8/289 303/8/289 302/7/289
f 301/8/290 295/9/290 304/9/290 303/8/290
f 295/9/291 294/10/291 305/10/291 304/9/291
f 294/10/279 300/7/279 302/7/279 305/10/279
f 314/1/296 316/4/296 317/3/296 315/2/296
f 318/6/297 320/7/297 321/8/297 319/5/297
f 315/2/298 317/3/298 319/12/298 321/11/298
f 320/13/299 318/14/299 316/4/299 314/1/299
f 320/7/300 322/7/300 323/8/300 321/8/300
f 321/8/290 323/8/290 324/9/290 315/9/290
f 315/9/301 324/9/301 325/10/301 314/10/301
f 314/10/279 325/10/279 322/7/279 320/7/279
f 851/196/896 853/197/897 854/198/898 852/1/899
f 852/1/900 856/13/900 855/199/901 851/196/902
f 853/197/903 857/200/904 858/11/905 854/2/906
f 856/201/907 858/202/908 857/203/909 855/204/910
f 851/196/896 843/205/911 844/206/911 853/197/897
f 845/207/912 855/204/910 857/203/909 846/208/912
f 853/197/903 844/206/913 846/209/913 857/200/904
f 855/199/901 845/210/914 843/205/914 851/196/902
f 856/201/907 847/211/915 848/8/915 858/212/908
f 858/212/905 848/8/916 849/9/916 854/9/906
f 854/9/898 849/9/917 850/213/917 852/10/899
f 852/10/918 850/213/918 847/211/918 856/201/918
f 867/214/919 868/215/919 870/2/919 869/216/919
f 868/217/920 867/214/921 871/218/922 872/13/923
f 869/216/924 870/219/925 874/11/926 873/220/927
f 872/221/928 871/222/928 873/223/928 874/224/928
f 867/214/929 869/216/929 860/225/929 859/4/929
f 861/226/930 862/227/930 873/223/930 871/222/930
f 869/216/924 873/220/927 862/228/931 860/225/931
f 871/218/922 867/214/921 859/4/932 861/229/932
f 872/221/933 874/8/933 864/8/933 863/7/933
f 874/8/926 870/9/925 865/230/934 864/8/934
f 870/9/935 868/231/935 866/10/935 865/230/935
f 868/231/920 872/221/923 863/7/936 866/10/936
usemtl PG_Mat07
f 17/15/9 19/16/9 24/17/9 23/18/9
f 20/15/10 18/16/10 25/17/10 26/18/10
f 22/19/11 29/20/12 32/20/13 31/19/14
f 29/20/12 30/21/15 33/21/16 32/20/13
f 30/21/15 21/22/17 34/22/18 33/21/16
f 21/22/17 22/19/11 31/19/14 34/22/18
f 17/1/19 27/23/20 36/23/21 35/1/19
f 27/23/20 28/24/22 37/24/23 36/23/21
f 28/24/22 19/4/24 38/4/24 37/24/23
f 19/4/25 17/1/19 35/1/19 38/4/25
f 27/23/20 22/19/11 40/19/26 39/23/27
f 22/19/11 21/22/17 41/22/28 40/19/26
f 21/22/17 28/24/22 42/24/29 41/22/28
f 28/24/22 27/23/20 39/23/27 42/24/29
f 29/20/12 18/2/30 44/2/30 43/20/31
f 18/2/30 20/3/32 45/3/33 44/2/30
f 20/3/32 30/21/15 46/21/34 45/3/33
f 30/21/15 29/20/12 43/20/31 46/21/34
f 31/19/35 32/20/35 48/20/35 47/19/35
f 32/20/36 33/21/36 49/21/36 48/20/36
f 33/21/37 34/22/37 50/22/37 49/21/37
f 34/22/38 31/19/38 47/19/38 50/22/38
f 35/1/39 36/23/39 52/23/39 51/1/39
f 36/23/40 37/24/40 53/24/40 52/23/40
f 37/24/41 38/4/41 54/4/41 53/24/41
f 38/4/42 35/1/42 51/1/42 54/4/42
f 39/23/43 40/19/43 56/19/43 55/23/43
f 40/19/44 41/22/44 57/22/44 56/19/44
f 41/22/45 42/24/45 58/24/45 57/22/45
f 42/24/46 39/23/46 55/23/46 58/24/46
f 43/20/47 44/2/47 60/2/47 59/20/47
f 44/2/48 45/3/48 61/3/48 60/2/48
f 45/3/49 46/21/49 62/21/49 61/3/49
f 46/21/50 43/20/50 59/20/50 62/21/50
f 27/15/51 17/16/52 63/17/52 64/18/53
f 29/15/54 22/16/55 65/17/55 66/18/56
f 17/15/57 23/16/57 67/17/57 63/18/57
f 25/15/58 18/16/58 68/17/58 69/18/58
f 22/15/59 27/16/51 64/17/53 65/18/59
f 18/15/60 29/16/54 66/17/56 68/18/60
f 140/28/115 141/27/115 142/32/115 143/33/115
f 143/33/116 142/32/116 144/34/116 145/35/116
f 146/22/117 143/33/117 145/35/117 147/29/117
f 148/26/118 140/28/118 143/33/118 146/22/118
f 147/29/119 145/35/119 144/34/119 149/30/119
f 150/25/120 141/27/120 140/28/120 148/26/120
f 151/28/121 152/33/121 142/32/121 141/27/121
f 152/33/122 153/35/122 144/34/122 142/32/122
f 154/22/123 155/29/123 153/35/123 152/33/123
f 156/26/124 154/22/124 152/33/124 151/28/124
f 155/29/125 149/30/125 144/34/125 153/35/125
f 150/25/126 156/26/126 151/28/126 141/27/126
f 146/15/127 147/16/127 157/17/127 158/18/127
f 148/15/128 146/16/128 158/17/128 159/18/128
f 147/15/129 149/16/129 160/17/129 157/18/129
f 155/15/130 154/16/130 162/17/130 161/18/130
f 154/15/131 156/16/131 163/17/131 162/18/131
f 149/15/132 155/16/132 161/17/132 160/18/132
f 150/15/133 148/16/134 164/36/135
f 164/36/135 148/16/134 159/17/136
f 156/15/137 150/16/138 165/36/139
f 156/15/137 165/36/139 163/18/140
f 158/15/141 157/16/142 166/17/143 167/18/144
f 159/15/145 158/16/141 167/17/144 168/18/146
f 157/15/142 160/16/147 169/17/147 166/18/143
f 161/15/148 162/16/149 171/17/150 170/18/151
f 162/15/149 163/16/152 172/17/153 171/18/150
f 160/15/147 161/16/148 170/17/151 169/18/147
f 150/15/154 164/16/155 174/17/156 173/18/154
f 164/15/155 159/16/145 168/17/146 174/18/156
f 165/15/157 150/16/158 173/17/158 175/18/159
f 163/15/152 165/16/157 175/17/159 172/18/153
f 167/15/160 166/16/160 176/17/160 177/18/160
f 168/15/161 167/16/162 177/17/162 178/18/163
f 166/15/164 169/16/164 179/17/164 176/18/164
f 170/15/165 171/16/165 181/17/165 180/18/165
f 171/15/166 172/16/167 182/17/168 181/18/166
f 169/15/169 170/16/169 180/17/169 179/18/169
f 173/15/170 174/16/170 184/17/170 183/18/170
f 174/15/171 168/16/161 178/17/163 184/18/171
f 175/15/172 173/16/172 183/17/172 185/18/172
f 172/15/167 175/16/173 185/17/173 182/18/168
f 177/15/174 176/16/175 186/17/176 187/18/177
f 178/15/178 177/16/174 187/17/177 188/18/179
f 176/15/175 179/16/180 189/17/180 186/18/176
f 180/15/181 181/16/182 191/17/183 190/18/184
f 181/15/182 182/16/185 192/17/186 191/18/183
f 179/15/180 180/16/181 190/17/184 189/18/180
f 183/15/187 184/16/188 194/17/189 193/18/187
f 184/15/188 178/16/178 188/17/179 194/18/189
f 185/15/190 183/16/191 193/17/191 195/18/192
f 182/15/185 185/16/190 195/17/192 192/18/186
f 278/1/273 279/2/273 281/3/273 280/4/273
f 280/4/2 281/3/2 283/5/2 282/6/2
f 282/6/274 283/5/274 285/8/274 284/7/274
f 286/7/3 287/8/3 288/9/3 289/10/3
f 279/2/275 285/11/275 283/12/275 281/3/275
f 284/13/276 278/1/276 280/4/276 282/14/276
f 284/7/277 285/8/277 287/8/277 286/7/277
f 285/8/278 279/9/278 288/9/278 287/8/278
f 291/9/279 290/10/279 292/10/279 293/9/279
f 278/10/280 284/7/280 286/7/280 289/10/280
f 279/9/281 278/10/281 290/10/281 291/9/281
f 278/10/282 289/10/282 292/10/282 290/10/282
f 289/10/283 288/9/283 293/9/283 292/10/283
f 288/9/284 279/9/284 291/9/284 293/9/284
f 311/9/279 310/10/279 312/10/279 313/9/279
f 307/9/292 306/10/292 310/10/292 311/9/292
f 306/10/293 309/10/293 312/10/293 310/10/293
f 309/10/3 308/9/3 313/9/3 312/10/3
f 308/9/294 307/9/294 311/9/294 313/9/294
f 309/60/295 306/61/295 307/62/295 308/63/295
f 326/1/273 328/4/273 329/3/273 327/2/273
f 328/4/2 330/6/2 331/5/2 329/3/2
f 330/6/274 332/7/274 333/8/274 331/5/274
f 334/7/3 337/10/3 336/9/3 335/8/3
f 327/2/276 329/3/276 331/12/276 333/11/276
f 332/13/275 330/14/275 328/4/275 326/1/275
f 332/7/277 334/7/277 335/8/277 333/8/277
f 333/8/280 335/8/280 336/9/280 327/9/280
f 339/9/302 341/9/302 340/10/302 338/10/302
f 326/10/278 337/10/278 334/7/278 332/7/278
f 327/9/303 339/9/303 338/10/303 326/10/303
f 326/10/304 338/10/304 340/10/304 337/10/304
f 337/10/305 340/10/305 341/9/305 336/9/305
f 336/9/306 341/9/306 339/9/306 327/9/306
f 347/9/279 349/9/279 348/10/279 346/10/279
f 343/9/292 347/9/292 346/10/292 342/10/292
f 342/10/294 346/10/294 348/10/294 345/10/294
f 345/10/3 348/10/3 349/9/3 344/9/3
f 344/9/293 349/9/293 347/9/293 343/9/293
f 345/60/295 344/63/295 343/62/295 342/61/295
f 350/1/307 354/19/307 358/64/307 359/65/307
f 367/66/308 376/67/308 377/32/308 356/36/308
f 360/68/309 361/69/309 357/70/309 352/7/309
f 390/7/310 391/70/310 392/71/310 393/72/310
f 380/73/311 372/74/311 353/11/311 362/75/311
f 352/13/312 373/76/312 374/77/312 360/78/312
f 354/19/313 351/2/313 363/79/313 358/64/313
f 356/36/314 377/32/314 378/80/314 370/81/314
f 357/70/315 361/69/315 362/82/315 353/8/315
f 392/71/316 391/70/316 394/8/316 395/83/316
f 359/65/317 358/64/317 364/84/317
f 360/78/318 374/77/318 375/85/318 366/86/318
f 371/87/319 381/88/319 356/36/319 370/81/319
f 380/73/320 362/75/320 371/89/320 379/90/320
f 358/64/321 363/79/321 368/91/321
f 366/92/322 367/66/322 356/36/322 381/88/322
f 375/25/323 376/67/323 367/66/323 366/92/323
f 378/80/324 379/30/324 371/87/324 370/81/324
f 358/64/325 368/91/325 369/93/325 355/22/325
f 364/84/326 358/64/326 355/22/326 365/94/326
f 396/31/327 392/71/327 395/83/327 397/9/327
f 393/72/328 392/71/328 396/31/328 398/10/328
f 374/77/329 373/76/329 350/1/329 359/65/329
f 375/85/330 374/77/330 359/65/330 364/84/330
f 364/84/331 365/94/331 376/67/331 375/25/331
f 377/32/332 376/67/332 365/94/332 355/22/332
f 378/80/333 377/32/333 355/22/333 369/93/333
f 369/93/334 368/91/334 379/30/334 378/80/334
f 363/79/335 380/73/335 379/90/335 368/91/335
f 351/2/336 372/74/336 380/73/336 363/79/336
f 362/82/337 361/69/337 381/88/337 371/87/337
f 366/92/338 381/88/338 361/69/338 360/68/338
f 391/70/358 390/7/358 402/7/358 401/70/358
f 390/7/360 393/72/360 404/72/360 402/7/360
f 394/8/362 391/70/362 401/70/362 406/8/362
f 395/83/364 394/8/364 406/8/364 408/83/364
f 397/9/366 395/83/366 408/83/366 410/9/366
f 396/31/368 397/9/368 410/9/368 412/31/368
f 398/10/370 396/31/370 412/31/370 414/10/370
f 393/72/372 398/10/372 414/10/372 404/72/372
f 489/1/428 506/19/428 508/64/428 507/65/428
f 506/19/429 490/2/429 497/79/429 508/64/429
f 508/64/430 497/79/430 492/3/430 498/22/430
f 507/65/431 508/64/431 498/22/431 491/4/431
f 491/4/432 498/22/432 509/32/432 499/25/432
f 498/22/433 492/3/433 500/30/433 509/32/433
f 509/32/434 500/30/434 494/5/434 501/36/434
f 499/25/435 509/32/435 501/36/435 493/6/435
f 493/6/436 501/36/436 510/69/436 502/122/436
f 501/36/437 494/5/437 503/82/437 510/69/437
f 510/69/438 503/82/438 496/8/438 504/70/438
f 502/122/439 510/69/439 504/70/439 495/7/439
f 490/2/440 505/74/440 511/73/440 497/79/440
f 505/74/441 496/11/441 503/75/441 511/73/441
f 511/73/442 503/75/442 494/12/442 500/95/442
f 497/79/443 511/73/443 500/95/443 492/3/443
f 548/1/505 566/65/505 567/64/505 565/19/505
f 565/19/506 567/64/506 556/79/506 549/2/506
f 567/64/507 557/22/507 551/3/507 556/79/507
f 566/65/508 550/4/508 557/22/508 567/64/508
f 550/4/509 558/25/509 568/32/509 557/22/509
f 557/22/510 568/32/510 559/30/510 551/3/510
f 568/32/511 560/36/511 553/5/511 559/30/511
f 558/25/512 552/6/512 560/36/512 568/32/512
f 552/6/513 561/122/513 569/69/513 560/36/513
f 560/36/514 569/69/514 562/82/514 553/5/514
f 569/69/515 563/70/515 555/8/515 562/82/515
f 561/122/516 554/7/516 563/70/516 569/69/516
f 549/2/517 556/79/517 570/73/517 564/74/517
f 564/74/518 570/73/518 562/75/518 555/11/518
f 570/73/519 559/95/519 553/12/519 562/75/519
f 556/79/520 551/3/520 559/95/520 570/73/520
f 699/72/696 702/10/697 701/31/698 700/71/699
f 703/7/700 699/72/701 700/71/702 704/70/703
f 700/71/704 706/83/705 705/8/706 704/70/703
f 701/31/698 707/9/707 706/83/705 700/71/708
f 694/72/709 697/71/710 698/31/711 690/10/712
f 692/7/713 696/70/714 697/71/715 694/72/716
f 697/71/717 696/70/714 693/8/718 695/83/719
f 698/31/711 697/71/720 695/83/719 691/9/721
f 733/72/750 734/71/751 735/31/752 736/10/753
f 737/7/754 738/70/755 734/71/756 733/72/757
f 734/71/758 738/70/755 739/8/759 740/83/760
f 735/31/752 734/71/761 740/83/760 741/9/762
f 728/72/763 724/10/764 732/31/765 731/71/766
f 726/7/767 728/72/768 731/71/769 730/70/770
f 731/71/771 729/83/772 727/8/773 730/70/770
f 732/31/765 725/9/774 729/83/772 731/71/775
f 758/1/804 760/4/804 761/3/804 759/2/804
f 762/6/805 764/7/805 765/8/805 763/5/805
f 766/7/806 769/10/806 768/9/806 767/8/806
f 759/2/807 761/3/807 763/12/807 765/11/807
f 764/13/808 762/14/808 760/4/808 758/1/808
f 764/7/809 766/7/809 767/8/809 765/8/809
f 765/8/810 767/8/810 768/9/810 759/9/810
f 759/9/811 768/9/811 769/10/811 758/10/811
f 758/10/812 769/10/812 766/7/812 764/7/812
f 770/1/813 772/4/813 778/22/814 781/19/815
f 813/4/816 815/178/816 814/22/816
f 774/6/817 776/7/817 780/70/818 779/36/819
f 783/72/820 770/179/821 781/180/821 790/181/820
f 771/2/822 773/3/822 785/95/823 784/74/823
f 783/76/824 782/96/824 772/4/825 770/1/825
f 814/22/816 815/178/816 816/182/816
f 780/70/818 788/183/826 787/184/827 779/36/819
f 801/185/828 793/186/829 791/181/830 802/187/831
f 778/22/814 786/182/832 789/188/833 781/19/815
f 815/178/816 818/6/816 817/36/816
f 776/13/834 774/14/834 782/96/824 783/76/824
f 776/7/835 783/72/820 790/181/820 780/70/835
f 803/189/836 791/181/830 793/186/829 804/190/837
f 785/95/823 775/12/838 777/11/838 784/74/823
f 815/178/816 817/36/816 819/184/816
f 815/178/816 821/30/816 820/3/816 816/182/816
f 819/184/816 822/5/816 821/30/816 815/178/816
f 788/183/826 777/8/839 775/5/839 787/184/827
f 797/83/840 805/191/841 804/190/837 793/186/829
f 800/192/842 797/83/840 793/186/829 801/185/828
f 786/182/832 773/3/843 771/2/843 789/188/833
f 807/189/844 810/70/844 809/193/845 808/181/846
f 789/194/847 794/194/847 792/180/847 781/180/847
f 780/70/848 796/70/848 795/183/848 788/183/848
f 788/183/849 795/183/849 798/8/849 777/8/849
f 805/191/850 797/83/851 784/83/852
f 784/83/853 797/83/854 800/192/855
f 771/195/856 799/195/856 794/194/856 789/194/856
f 784/83/853 800/192/855 799/195/857 771/195/857
f 794/194/858 799/195/859 800/192/842 801/185/828
f 792/180/860 794/194/858 801/185/828 802/187/831
f 795/183/861 796/70/862 803/189/836 804/190/837
f 805/191/841 798/8/863 795/183/861 804/190/837
f 777/8/864 798/8/864 805/191/850 784/83/852
f 796/70/865 780/70/865 790/181/866 806/193/867
f 809/193/845 812/180/868 811/187/868 808/181/846
f 790/181/866 781/180/869 792/180/869 806/193/867
f 803/189/870 807/189/870 808/181/870 791/181/870
f 806/193/871 809/193/871 810/70/871 796/70/871
f 796/70/872 810/70/872 807/189/872 803/189/872
f 791/181/873 808/181/873 811/187/873 802/187/873
f 802/187/874 811/187/874 812/180/874 792/180/874
f 792/180/875 812/180/875 809/193/875 806/193/875
f 875/1/937 876/2/937 878/3/937 877/4/937
f 879/6/938 880/5/938 882/8/938 881/7/938
f 883/7/939 884/8/939 885/9/939 886/10/939
f 876/2/940 882/11/940 880/12/940 878/3/940
f 881/13/941 875/1/941 877/4/941 879/14/941
f 881/7/942 882/8/942 884/8/942 883/7/942
f 882/8/943 876/9/943 885/9/943 884/8/943
f 876/9/944 875/10/944 886/10/944 885/9/944
f 875/10/945 881/7/945 883/7/945 886/10/945
f 887/1/946 898/19/947 895/22/948 889/4/946
f 889/4/949 895/22/950 899/178/951
f 891/6/952 896/36/953 897/70/954 893/7/952
f 900/72/955 907/181/955 898/180/956 887/179/956
f 888/2/957 901/74/958 902/95/958 890/3/957
f 900/76/959 887/1/960 889/4/960 899/96/959
f 895/22/950 903/182/951 899/178/951
f 897/70/954 896/36/953 904/184/961 905/183/962
f 918/185/963 919/187/964 908/181/965 910/186/966
f 895/22/948 898/19/947 906/188/967 903/182/968
f 899/178/951 896/36/951 891/6/969
f 893/13/970 900/76/959 899/96/959 891/14/970
f 893/7/971 897/70/971 907/181/955 900/72/955
f 920/189/972 921/190/973 910/186/966 908/181/965
f 902/95/958 901/74/958 894/11/974 892/12/974
f 899/178/951 904/184/951 896/36/951
f 899/178/951 903/182/951 890/3/975 902/30/975
f 904/184/951 899/178/951 902/30/975 892/5/976
f 905/183/962 904/184/961 892/5/977 894/8/977
f 914/83/978 910/186/966 921/190/973 922/191/979
f 917/192/980 918/185/963 910/186/966 914/83/978
f 903/182/968 906/188/967 888/2/981 890/3/981
f 924/189/982 925/181/983 926/193/984 927/70/982
f 906/194/985 898/180/985 909/180/985 911/194/985
f 897/70/986 905/183/986 912/183/986 913/70/986
f 905/183/987 894/8/987 915/8/987 912/183/987
f 922/191/988 901/83/989 914/83/990
f 901/83/991 917/192/992 914/83/993
f 888/195/994 906/194/994 911/194/994 916/195/994
f 901/83/991 888/195/995 916/195/995 917/192/992
f 911/194/996 918/185/963 917/192/980 916/195/997
f 909/180/998 919/187/964 918/185/963 911/194/996
f 912/183/999 921/190/973 920/189/972 913/70/1000
f 922/191/979 921/190/973 912/183/999 915/8/1001
f 894/8/1002 901/83/989 922/191/988 915/8/1002
f 913/70/1003 923/193/1004 907/181/1005 897/70/1003
f 926/193/984 925/181/983 928/187/1006 929/180/1006
f 907/181/1005 923/193/1004 909/180/1007 898/180/1007
f 920/189/1008 908/181/1008 925/181/1008 924/189/1008
f 923/193/1009 913/70/1009 927/70/1009 926/193/1009
f 913/70/1010 920/189/1010 924/189/1010 927/70/1010
f 908/181/1011 919/187/1011 928/187/1011 925/181/1011
f 919/187/1012 909/180/1012 929/180/1012 928/187/1012
f 909/180/1013 923/193/1013 926/193/1013 929/180/1013
f 982/77/1014 980/76/1014 981/74/1014 984/73/1014
f 978/13/1035 980/76/1035 982/77/1035 983/78/1035
f 984/73/1036 981/74/1036 978/11/1036 983/75/1036
f 979/96/1014 982/77/1014 984/73/1014
f 983/78/1037 982/77/1037 979/96/1037
f 979/95/1038 984/73/1038 983/75/1038
usemtl PG_Mat03
f 70/1/61 71/2/61 73/3/61 72/4/61
f 72/4/62 73/3/62 75/5/62 74/6/62
f 76/7/63 77/8/63 71/9/63 70/10/63
f 71/2/64 77/11/64 75/12/64 73/3/64
f 76/13/65 70/1/65 72/4/65 74/14/65
f 78/1/66 80/4/66 81/3/66 79/2/66
f 80/4/67 82/6/67 83/5/67 81/3/67
f 84/7/68 78/10/68 79/9/68 85/8/68
f 79/2/69 81/3/69 83/12/69 85/11/69
f 84/13/70 82/14/70 80/4/70 78/1/70
f 101/25/79 99/27/79 98/28/79 100/26/79
f 101/25/80 103/26/80 102/28/80 99/27/80
f 101/15/81 100/16/81 104/17/81 105/18/81
f 103/15/82 101/16/82 105/17/82 106/18/82
f 98/15/83 99/16/83 108/17/83 107/18/83
f 100/15/84 98/16/84 107/17/84 109/18/84
f 99/15/85 102/16/85 110/17/85 108/18/85
f 102/15/86 103/16/86 111/17/86 110/18/86
f 104/15/87 100/16/87 109/17/87 112/18/87
f 105/15/88 104/16/88 112/17/88 113/18/88
f 103/15/89 106/16/89 114/17/89 111/18/89
f 106/15/90 105/16/90 113/17/90 114/18/90
usemtl PG_Mat02
f 93/25/71 92/26/71 94/26/71 95/25/71
f 93/25/72 95/25/72 96/26/72 97/26/72
f 89/25/73 88/26/73 92/26/73 93/25/73
f 88/26/74 86/26/74 94/26/74 92/26/74
f 86/26/75 87/25/76 95/25/76 94/26/75
f 87/25/76 90/26/77 96/26/77 95/25/76
f 90/26/78 91/26/78 97/26/78 96/26/78
f 91/26/73 89/25/73 93/25/73 97/26/73
f 124/22/91 119/22/91 116/29/91 118/29/91
f 117/26/92 115/26/92 119/22/92 124/22/92
f 118/29/93 116/29/93 120/30/93 125/30/93
f 126/25/94 121/25/94 115/26/94 117/26/94
f 119/22/95 127/22/95 123/29/95 116/29/95
f 122/26/96 127/22/96 119/22/96 115/26/96
f 116/29/97 123/29/97 128/30/97 120/30/97
f 129/25/98 122/26/98 115/26/98 121/25/98
f 137/22/99 133/29/99 131/29/99 134/22/99
f 132/26/100 137/22/100 134/22/100 130/26/100
f 133/29/101 125/30/101 120/30/101 131/29/101
f 126/25/102 132/26/102 130/26/102 121/25/102
f 130/26/103 134/22/103 138/22/103 135/26/103
f 134/22/104 131/29/104 136/29/104 138/22/104
f 136/29/105 131/29/105 120/30/105 128/30/105
f 129/25/106 121/25/106 130/26/106 135/26/106
f 117/15/107 124/16/107 139/31/107
f 124/15/108 118/16/108 139/31/108
f 118/15/109 125/16/109 139/31/109
f 126/15/110 117/16/110 139/31/110
f 137/15/111 132/16/111 139/31/111
f 133/15/112 137/16/112 139/31/112
f 125/15/113 133/16/113 139/31/113
f 132/15/114 126/16/114 139/31/114
f 254/26/257 261/26/257 266/22/257 258/22/257
f 258/22/258 266/22/258 262/29/258 255/29/258
f 266/22/259 263/22/259 257/29/259 262/29/259
f 261/26/260 256/26/260 263/22/260 266/22/260
f 255/29/261 262/29/261 267/30/261 259/30/261
f 262/29/262 257/29/262 264/30/262 267/30/262
f 260/25/263 268/25/263 261/26/263 254/26/263
f 268/25/264 265/25/264 256/26/264 261/26/264
f 269/26/265 273/22/265 277/22/265 274/26/265
f 273/22/266 270/29/266 275/29/266 277/22/266
f 277/22/267 275/29/267 272/29/267 276/22/267
f 274/26/268 277/22/268 276/22/268 271/26/268
f 270/29/269 259/30/269 267/30/269 275/29/269
f 275/29/270 267/30/270 264/30/270 272/29/270
f 260/25/271 269/26/271 274/26/271 268/25/271
f 268/25/272 274/26/272 271/26/272 265/25/272
usemtl Ferro03_Mat
f 200/37/193 196/38/193 197/39/193 201/40/193
f 201/40/194 197/39/194 198/41/194 202/42/194
f 202/42/195 198/41/195 199/39/195 203/40/195
f 203/40/196 199/39/196 196/38/196 200/37/196
f 204/43/2 200/37/2 201/40/2 205/40/2
f 205/40/2 201/40/2 202/42/2 206/44/2
f 206/44/2 202/42/2 203/40/2 207/40/2
f 207/40/2 203/40/2 200/37/2 204/43/2
f 954/4/1015 955/3/1015 956/5/1015 957/6/1015
f 932/4/1017 933/3/1017 951/3/1017 950/4/1017
f 933/3/1017 935/5/1017 952/5/1017 951/3/1017
f 935/5/1017 934/6/1017 953/6/1017 952/5/1017
f 934/6/1017 932/4/1017 950/4/1017 953/6/1017
f 951/3/398 952/5/398 956/5/398 955/3/398
f 953/6/400 950/4/400 954/4/400 957/6/400
f 954/4/1014 950/4/1014 951/3/1014 955/3/1014
f 952/5/1016 953/6/1016 958/6/1016 959/5/1016
f 953/6/1016 957/6/1016 960/6/1016 958/6/1016
f 957/6/1016 956/5/1016 961/5/1016 960/6/1016
f 956/5/1016 952/5/1016 959/5/1016 961/5/1016
usemtl Stendardi_Mat3
f 208/45/197 204/43/197 205/40/197 209/46/197
f 209/46/198 205/40/198 206/44/198 210/47/198
f 210/47/199 206/44/199 207/40/199 211/46/199
f 211/46/200 207/40/200 204/43/200 208/45/200
f 212/48/201 208/45/201 209/46/201 213/46/201
f 213/46/202 209/46/202 210/47/202 214/49/202
f 214/49/203 210/47/203 211/46/203 215/46/203
f 215/46/204 211/46/204 208/45/204 212/48/204
f 228/50/205 225/51/206 212/48/207 213/46/207
f 227/52/208 228/50/209 213/46/210 214/49/210
f 226/50/211 227/52/212 214/49/213 215/46/213
f 225/51/214 226/50/215 215/46/216 212/48/216
f 216/53/217 218/54/218 217/55/219
f 216/53/220 219/56/221 218/54/222
f 216/53/223 220/54/224 219/56/225
f 216/53/226 217/55/227 220/54/228
f 217/55/219 218/54/218 222/57/229 221/58/230
f 218/54/222 219/56/221 223/59/231 222/57/232
f 219/56/225 220/54/224 224/57/233 223/59/234
f 220/54/228 217/55/227 221/58/235 224/57/236
f 221/58/230 222/57/229 226/50/215 225/51/214
f 222/57/232 223/59/231 227/52/212 226/50/211
f 223/59/234 224/57/233 228/50/209 227/52/208
f 224/57/236 221/58/235 225/51/206 228/50/205
f 483/97/408 484/98/409 475/99/410 466/100/410
f 484/98/411 485/101/412 467/102/413 475/99/413
f 468/103/414 472/104/414 481/105/414 477/106/414
f 472/104/415 469/107/415 479/108/415 481/105/415
f 468/103/416 477/106/416 482/109/416 476/110/416
f 479/108/417 469/107/417 478/111/417 480/112/417
f 487/113/418 488/114/419 471/115/420 473/116/420
f 486/117/421 487/113/422 473/116/423 470/118/423
f 464/119/424 474/120/424 484/98/409 483/97/408
f 474/120/425 465/121/425 485/101/412 484/98/411
f 477/106/426 481/105/426 487/113/422 486/117/421
f 481/105/427 479/108/427 488/114/419 487/113/418
f 633/123/582 634/124/583 635/125/584 636/126/585
f 638/127/586 637/128/586 639/129/586 640/130/586
f 641/131/587 642/132/588 643/133/589 644/134/590
f 645/135/591 646/136/591 647/137/592 648/138/593
f 640/130/594 639/129/594 649/139/594 650/140/594
f 652/141/595 651/142/596 645/135/596 648/138/597
f 653/143/598 654/144/598 655/145/598 656/146/598
f 657/147/599 658/148/599 659/149/600 660/150/601
f 650/140/602 649/139/602 661/151/602 662/152/602
f 663/153/603 664/154/603 665/155/604 666/156/605
f 667/157/606 651/142/606 652/141/607 668/158/608
f 669/159/609 670/160/610 671/161/611 672/162/612
f 653/143/613 656/146/613 664/154/613 663/153/613
f 671/161/611 670/160/614 657/147/614 660/150/601
f 654/144/615 662/152/615 661/151/615 655/145/615
f 659/149/616 658/148/617 667/157/617 668/158/608
f 665/155/618 664/154/619 670/160/619 669/159/609
f 657/147/620 670/160/620 664/154/620 656/146/620
f 656/146/621 655/145/621 658/148/621 657/147/621
f 667/157/622 658/148/622 655/145/622 661/151/622
f 661/151/623 649/139/623 651/142/623 667/157/623
f 645/135/624 651/142/624 649/139/624 639/129/624
f 639/129/625 637/128/625 646/136/625 645/135/625
f 634/124/626 641/131/587 644/134/627 635/125/628
f 673/163/629 663/153/630 666/156/605 674/164/631
f 675/165/632 653/143/633 663/153/633 673/163/629
f 675/165/632 676/166/634 654/144/635 653/143/635
f 676/166/636 677/167/637 662/152/638 654/144/638
f 678/168/639 650/140/640 662/152/640 677/167/637
f 679/169/641 640/130/642 650/140/642 678/168/643
f 680/170/644 638/127/645 640/130/645 679/169/646
f 681/171/647 633/123/582 636/126/648 682/172/649
f 644/134/590 643/133/589 684/173/650 685/174/651
f 635/125/628 644/134/627 685/174/652 686/175/653
f 636/126/585 635/125/584 686/175/654 687/176/655
f 682/172/649 636/126/648 687/176/656 688/177/657
f 685/174/651 684/173/650 647/137/592 646/136/692
f 686/175/653 685/174/652 646/136/693 637/128/693
f 687/176/655 686/175/654 637/128/694 638/127/694
f 688/177/657 687/176/656 638/127/695 680/170/644
f 946/232/1017 947/233/1017 948/234/1017 949/235/1017
f 936/236/1018 937/237/1018 939/238/1018 938/239/1018
f 937/237/1019 931/240/1019 940/241/1019 939/238/1019
f 931/240/1020 930/242/1020 941/243/1020 940/241/1020
f 930/242/1021 936/236/1021 938/239/1021 941/243/1021
f 938/239/1016 939/238/1016 943/238/1016 942/239/1016
f 939/238/398 940/241/398 944/241/398 943/238/398
f 940/241/1014 941/243/1014 945/243/1014 944/241/1014
f 941/243/400 938/239/400 942/239/400 945/243/400
f 942/239/1022 943/238/1022 947/233/1022 946/232/1022
f 943/238/1023 944/241/1023 948/234/1023 947/233/1023
f 944/241/1024 945/243/1024 949/235/1024 948/234/1024
f 945/243/1025 942/239/1025 946/232/1025 949/235/1025
f 1014/274/1049 1013/275/1049 1015/276/1049
f 1015/276/1049 1016/277/1049 1014/274/1049
f 1016/277/1049 1017/278/1049 1014/274/1049
f 1017/278/1049 1018/279/1049 1014/274/1049
f 1018/279/1049 1019/280/1049 1014/274/1049
f 1019/280/1049 1020/281/1049 1014/274/1049
f 1020/281/1049 1021/282/1049 1014/274/1049
f 1021/282/1049 1022/283/1049 1014/274/1049
f 1022/283/1049 1013/275/1049 1014/274/1049
usemtl Gold_01_Mat
f 352/7/339 357/70/339 383/70/339 382/7/339
f 373/72/340 352/7/340 382/7/340 384/72/340
f 357/70/341 353/8/341 385/8/341 383/70/341
f 353/8/342 372/83/342 386/83/342 385/8/342
f 372/83/343 351/9/343 388/9/343 386/83/343
f 351/9/344 354/31/344 387/31/344 388/9/344
f 354/31/345 350/10/345 389/10/345 387/31/345
f 350/10/346 373/72/346 384/72/346 389/10/346
f 399/7/347 400/70/348 401/70/348 402/7/349
f 403/72/350 399/7/347 402/7/349 404/72/350
f 400/70/348 405/8/351 406/8/351 401/70/348
f 405/8/351 407/83/352 408/83/353 406/8/351
f 407/83/352 409/9/354 410/9/354 408/83/353
f 409/9/354 411/31/355 412/31/355 410/9/354
f 411/31/355 413/10/356 414/10/356 412/31/355
f 413/10/356 403/72/350 404/72/350 414/10/356
f 382/7/357 383/70/357 400/70/357 399/7/357
f 384/72/359 382/7/359 399/7/359 403/72/359
f 383/70/361 385/8/361 405/8/361 400/70/361
f 385/8/363 386/83/363 407/83/363 405/8/363
f 386/83/365 388/9/365 409/9/365 407/83/365
f 388/9/367 387/31/367 411/31/367 409/9/367
f 387/31/369 389/10/369 413/10/369 411/31/369
f 389/10/371 384/72/371 403/72/371 413/10/371
f 506/15/444 489/16/445 512/17/446 513/18/447
f 490/15/448 506/16/444 513/17/447 514/18/449
f 495/15/450 504/16/451 516/17/452 515/18/453
f 504/15/451 496/16/454 517/17/455 516/18/452
f 489/15/445 507/16/456 518/17/457 512/18/446
f 507/15/456 491/16/458 519/17/459 518/18/457
f 491/15/458 499/16/460 520/17/460 519/18/459
f 499/15/460 493/16/461 521/17/462 520/18/460
f 493/15/461 502/16/463 522/17/464 521/18/462
f 502/15/463 495/16/450 515/17/453 522/18/464
f 496/15/454 505/16/465 523/17/465 517/18/455
f 505/15/465 490/16/448 514/17/449 523/18/465
f 513/15/466 512/16/467 524/17/468 525/18/466
f 514/15/469 513/16/469 525/17/469 526/18/469
f 515/15/470 516/16/471 528/17/471 527/18/472
f 516/15/473 517/16/473 529/17/473 528/18/473
f 512/15/467 518/16/474 530/17/474 524/18/468
f 518/15/475 519/16/475 531/17/475 530/18/475
f 519/15/476 520/16/477 532/17/477 531/18/476
f 520/15/477 521/16/478 533/17/478 532/18/477
f 521/15/479 522/16/479 534/17/479 533/18/479
f 522/15/480 515/16/470 527/17/472 534/18/480
f 517/15/481 523/16/481 535/17/481 529/18/481
f 523/15/482 514/16/482 526/17/482 535/18/482
f 525/15/483 524/16/484 536/17/485 537/18/486
f 526/15/487 525/16/483 537/17/486 538/18/488
f 527/15/489 528/16/490 540/17/491 539/18/492
f 528/15/490 529/16/493 541/17/494 540/18/491
f 524/15/484 530/16/495 542/17/496 536/18/485
f 530/15/495 531/16/497 543/17/498 542/18/496
f 531/15/497 532/16/499 544/17/499 543/18/498
f 532/15/499 533/16/500 545/17/501 544/18/499
f 533/15/500 534/16/502 546/17/503 545/18/501
f 534/15/502 527/16/489 539/17/492 546/18/503
f 529/15/493 535/16/504 547/17/504 541/18/494
f 535/15/504 526/16/487 538/17/488 547/18/504
f 565/15/521 572/18/522 571/17/523 548/16/524
f 549/15/525 573/18/526 572/17/522 565/16/521
f 554/15/527 574/18/528 575/17/529 563/16/530
f 563/15/530 575/18/529 576/17/531 555/16/532
f 548/15/524 571/18/523 577/17/533 566/16/534
f 566/15/534 577/18/533 578/17/535 550/16/536
f 550/15/536 578/18/535 579/17/537 558/16/537
f 558/15/537 579/18/537 580/17/538 552/16/539
f 552/15/539 580/18/538 581/17/540 561/16/541
f 561/15/541 581/18/540 574/17/528 554/16/527
f 555/15/532 576/18/531 582/17/542 564/16/542
f 564/15/542 582/18/542 573/17/526 549/16/525
f 572/15/543 584/18/543 583/17/544 571/16/545
f 573/15/546 585/18/546 584/17/546 572/16/546
f 574/15/547 586/18/548 587/17/549 575/16/549
f 575/15/550 587/18/550 588/17/550 576/16/550
f 571/15/545 583/18/544 589/17/551 577/16/551
f 577/15/552 589/18/552 590/17/552 578/16/552
f 578/15/553 590/18/553 591/17/554 579/16/554
f 579/15/554 591/18/554 592/17/555 580/16/555
f 580/15/556 592/18/556 593/17/556 581/16/556
f 581/15/557 593/18/557 586/17/548 574/16/547
f 576/15/558 588/18/558 594/17/558 582/16/558
f 582/15/559 594/18/559 585/17/559 573/16/559
f 584/15/560 596/18/561 595/17/562 583/16/563
f 585/15/564 597/18/565 596/17/561 584/16/560
f 586/15/566 598/18/567 599/17/568 587/16/569
f 587/15/569 599/18/568 600/17/570 588/16/571
f 583/15/563 595/18/562 601/17/572 589/16/573
f 589/15/573 601/18/572 602/17/574 590/16/575
f 590/15/575 602/18/574 603/17/576 591/16/576
f 591/15/576 603/18/576 604/17/577 592/16/578
f 592/15/578 604/18/577 605/17/579 593/16/580
f 593/15/580 605/18/579 598/17/567 586/16/566
f 588/15/571 600/18/570 606/17/581 594/16/581
f 594/15/581 606/18/581 597/17/565 585/16/564
f 630/123/658 615/124/659 634/124/583 633/123/582
f 628/131/660 608/132/661 642/132/588 641/131/587
f 608/132/661 631/133/662 643/133/589 642/132/588
f 613/137/663 610/138/664 648/138/593 647/137/592
f 610/138/665 618/141/665 652/141/595 648/138/597
f 626/149/666 621/150/667 660/150/601 659/149/600
f 616/155/668 629/156/669 666/156/605 665/155/604
f 618/141/670 622/158/671 668/158/608 652/141/607
f 624/161/672 612/162/673 672/162/612 671/161/611
f 612/162/673 627/159/674 669/159/609 672/162/612
f 621/150/667 624/161/672 671/161/611 660/150/601
f 622/158/671 626/149/675 659/149/616 668/158/608
f 627/159/674 616/155/676 665/155/618 669/159/609
f 615/124/677 628/131/660 641/131/587 634/124/626
f 629/156/669 611/164/678 674/164/631 666/156/605
f 611/164/678 623/163/679 673/163/629 674/164/631
f 623/163/679 620/165/680 675/165/632 673/163/629
f 620/165/680 625/166/681 676/166/634 675/165/632
f 625/166/682 619/167/683 677/167/637 676/166/636
f 619/167/683 617/168/684 678/168/639 677/167/637
f 617/168/685 609/169/685 679/169/641 678/168/643
f 609/169/686 614/170/687 680/170/644 679/169/646
f 607/171/688 630/123/658 633/123/582 681/171/647
f 632/172/689 607/171/688 681/171/647 682/172/649
f 631/133/662 683/173/690 684/173/650 643/133/589
f 689/177/691 632/172/689 682/172/649 688/177/657
f 683/173/690 613/137/663 647/137/592 684/173/650
f 614/170/687 689/177/691 688/177/657 680/170/644
f 708/31/722 709/31/722 710/10/722 711/10/722
f 711/10/2 710/10/2 712/72/2 713/72/2
f 714/7/723 715/7/723 716/70/723 717/70/723
f 713/72/2 712/72/2 715/7/2 714/7/2
f 717/70/724 716/70/724 718/8/725 719/8/726
f 719/8/726 718/8/725 720/83/727 721/83/727
f 721/83/728 720/83/728 722/9/729 723/9/730
f 723/9/730 722/9/729 709/31/731 708/31/731
f 701/31/698 702/10/697 710/10/732 709/31/733
f 690/10/712 698/31/711 708/31/734 711/10/735
f 702/10/697 699/72/696 712/72/736 710/10/732
f 694/72/709 690/10/712 711/10/735 713/72/737
f 703/7/700 704/70/703 716/70/738 715/7/739
f 696/70/714 692/7/713 714/7/740 717/70/741
f 699/72/701 703/7/700 715/7/739 712/72/742
f 692/7/713 694/72/716 713/72/743 714/7/740
f 704/70/703 705/8/706 718/8/744 716/70/738
f 693/8/718 696/70/714 717/70/741 719/8/745
f 705/8/706 706/83/705 720/83/746 718/8/744
f 695/83/719 693/8/718 719/8/745 721/83/747
f 706/83/705 707/9/707 722/9/748 720/83/746
f 691/9/721 695/83/719 721/83/747 723/9/749
f 707/9/707 701/31/698 709/31/733 722/9/748
f 698/31/711 691/9/721 723/9/749 708/31/734
f 742/31/776 745/10/776 744/10/776 743/31/776
f 745/10/2 747/72/2 746/72/2 744/10/2
f 748/7/777 751/70/777 750/70/777 749/7/777
f 747/72/2 748/7/2 749/7/2 746/72/2
f 751/70/778 753/8/779 752/8/780 750/70/778
f 753/8/779 755/83/781 754/83/781 752/8/780
f 755/83/782 757/9/783 756/9/784 754/83/782
f 757/9/783 742/31/785 743/31/785 756/9/784
f 735/31/752 743/31/786 744/10/787 736/10/753
f 724/10/764 745/10/788 742/31/789 732/31/765
f 736/10/753 744/10/787 746/72/790 733/72/750
f 728/72/763 747/72/791 745/10/788 724/10/764
f 737/7/754 749/7/792 750/70/793 738/70/755
f 730/70/770 751/70/794 748/7/795 726/7/767
f 733/72/757 746/72/796 749/7/792 737/7/754
f 726/7/767 748/7/795 747/72/797 728/72/768
f 738/70/755 750/70/793 752/8/798 739/8/759
f 727/8/773 753/8/799 751/70/794 730/70/770
f 739/8/759 752/8/798 754/83/800 740/83/760
f 729/83/772 755/83/801 753/8/799 727/8/773
f 740/83/760 754/83/800 756/9/802 741/9/762
f 725/9/774 757/9/803 755/83/801 729/83/772
f 741/9/762 756/9/802 743/31/786 735/31/752
f 732/31/765 742/31/789 757/9/803 725/9/774
f 823/4/816 826/4/816 825/22/816 824/22/816
f 827/178/816 828/178/816 826/4/816 823/4/816
f 824/22/816 825/22/816 830/182/816 829/182/816
f 832/36/816 834/36/816 833/6/816 831/6/816
f 831/6/816 833/6/816 828/178/816 827/178/816
f 835/184/816 836/184/816 834/36/816 832/36/816
f 829/182/816 830/182/816 838/3/816 837/3/816
f 837/3/816 838/3/816 840/30/816 839/30/816
f 839/30/816 840/30/816 842/5/816 841/5/816
f 841/5/816 842/5/816 836/184/816 835/184/816
f 772/4/876 823/4/876 824/22/876 778/22/876
f 814/22/877 825/22/877 826/4/877 813/4/877
f 782/178/878 827/178/878 823/4/878 772/4/878
f 813/4/879 826/4/879 828/178/879 815/178/879
f 778/22/880 824/22/880 829/182/880 786/182/880
f 816/182/881 830/182/881 825/22/881 814/22/881
f 779/36/882 832/36/882 831/6/882 774/6/882
f 818/6/883 833/6/883 834/36/883 817/36/883
f 774/6/884 831/6/884 827/178/884 782/178/884
f 815/178/885 828/178/885 833/6/885 818/6/885
f 787/184/886 835/184/886 832/36/886 779/36/886
f 817/36/887 834/36/887 836/184/887 819/184/887
f 786/182/888 829/182/888 837/3/888 773/3/888
f 820/3/889 838/3/889 830/182/889 816/182/889
f 773/3/890 837/3/890 839/30/890 785/30/890
f 821/30/891 840/30/891 838/3/891 820/3/891
f 785/30/892 839/30/892 841/5/892 775/5/892
f 822/5/893 842/5/893 840/30/893 821/30/893
f 775/5/894 841/5/894 835/184/894 787/184/894
f 819/184/895 836/184/895 842/5/895 822/5/895
f 975/5/1017 974/6/1017 976/6/1017 977/5/1017
f 959/5/1017 958/6/1017 962/6/1017 963/5/1017
f 958/6/400 960/6/400 964/6/400 962/6/400
f 960/6/1015 961/5/1015 965/5/1015 964/6/1015
f 961/5/398 959/5/398 963/5/398 965/5/398
f 963/5/1026 962/6/1026 966/6/1026 967/5/1026
f 962/6/1027 964/6/1027 968/6/1027 966/6/1027
f 964/6/1028 965/5/1028 969/5/1028 968/6/1028
f 965/5/1029 963/5/1029 967/5/1029 969/5/1029
f 967/5/1030 966/6/1030 970/6/1030 971/5/1030
f 966/6/1031 968/6/1031 972/6/1031 970/6/1031
f 968/6/1032 969/5/1032 973/5/1032 972/6/1032
f 969/5/1033 967/5/1033 971/5/1033 973/5/1033
f 971/5/1034 970/6/1034 974/6/1034 975/5/1034
f 970/6/400 972/6/400 976/6/400 974/6/400
f 972/6/1016 973/5/1016 977/5/1016 976/6/1016
f 973/5/398 971/5/398 975/5/398 977/5/398
usemtl PG_Mat04
f 415/1/373 429/19/373 430/22/373 417/4/373
f 429/19/374 416/2/374 418/3/374 430/22/374
f 419/6/375 423/36/375 424/70/375 421/7/375
f 423/36/376 420/5/376 422/8/376 424/70/376
f 418/3/377 416/2/377 425/74/377 426/95/377
f 425/74/378 422/11/378 420/12/378 426/95/378
f 419/14/379 421/13/379 427/76/379 428/96/379
f 427/76/380 415/1/380 417/4/380 428/96/380
f 429/15/381 415/16/381 431/31/381
f 416/15/382 429/16/382 431/31/382
f 421/15/383 424/16/384 431/31/385
f 424/15/384 422/16/386 431/31/385
f 427/15/387 421/16/388 431/31/387
f 415/15/389 427/16/387 431/31/387
f 422/15/386 425/16/390 431/31/385
f 425/15/390 416/16/391 431/31/385
f 438/19/392 441/22/392 440/3/392 439/2/392
f 440/15/393 443/18/393 442/17/393 439/16/393
f 434/19/394 432/2/394 433/3/394 435/22/394
f 433/15/395 432/16/395 436/17/395 437/18/395
f 434/19/396 438/19/396 439/2/396 432/2/396
f 433/3/397 440/3/397 441/22/397 435/22/397
f 444/22/398 445/22/398 446/19/398 447/19/398
f 432/16/399 439/16/399 442/17/399 436/17/399
f 436/17/400 442/17/400 443/18/400 437/18/400
f 437/18/401 443/18/401 440/15/401 433/15/401
f 435/22/2 441/22/2 445/22/2 444/22/2
f 441/22/402 438/19/402 446/19/402 445/22/402
f 438/19/3 434/19/3 447/19/3 446/19/3
f 434/19/403 435/22/403 444/22/403 447/19/403
f 1031/293/1059 1032/294/1059 1037/295/1059 1038/296/1059
f 1032/297/1060 1031/19/1061 1034/298/1061 1033/299/1062
f 1033/299/1063 1034/298/1063 1036/300/1063 1035/301/1063
f 1035/301/1064 1036/300/1065 1038/296/1065 1037/295/1064
f 1023/1/1066 1032/297/1060 1033/299/1062 1025/4/1066
f 1025/4/1063 1033/299/1063 1035/301/1063 1027/302/1063
f 1027/302/1067 1035/301/1064 1037/295/1064 1029/7/1067
f 1029/7/1059 1037/295/1059 1032/294/1059 1023/10/1059
f 1031/303/1061 1024/2/1068 1026/3/1068 1034/298/1061
f 1036/300/1063 1034/298/1063 1026/3/1063 1028/5/1063
f 1038/296/1065 1036/300/1065 1028/5/1069 1030/304/1069
f 1031/293/1059 1038/296/1059 1030/304/1059 1024/9/1059
f 1026/15/1070 1024/16/1070 1039/17/1070 1040/18/1070
f 1028/15/1063 1026/16/1063 1040/17/1063 1041/18/1063
f 1030/15/1071 1028/16/1071 1041/17/1071 1042/18/1071
f 1024/15/1059 1030/16/1059 1042/17/1059 1039/18/1059
f 1023/15/1072 1025/16/1072 1044/17/1072 1043/18/1072
f 1025/15/1063 1027/16/1063 1045/17/1063 1044/18/1063
f 1027/15/1073 1029/16/1073 1046/17/1073 1045/18/1073
f 1029/15/1059 1023/16/1059 1043/17/1059 1046/18/1059
usemtl lambert1
f 450/4/404 451/3/404 453/5/404 452/6/404
f 454/7/405 455/8/405 449/9/405 448/10/405
f 449/2/400 455/11/400 453/12/400 451/3/400
f 454/13/398 448/1/398 450/4/398 452/14/398
f 448/1/406 449/2/406 457/2/406 456/1/406
f 449/2/406 451/3/406 458/3/406 457/2/406
f 451/3/406 450/4/406 459/4/406 458/3/406
f 450/4/406 448/1/406 456/1/406 459/4/406
f 452/6/407 453/5/407 461/5/407 460/6/407
f 453/5/407 455/8/407 462/8/407 461/5/407
f 455/8/407 454/7/407 463/7/407 462/8/407
f 454/7/407 452/6/407 460/6/407 463/7/407
f 458/3/405 459/4/405 460/6/405 461/5/405
f 459/4/400 456/1/400 463/7/400 460/6/400
f 458/3/398 461/5/398 462/8/398 457/2/398
f 457/2/404 462/8/404 463/7/404 456/1/404
usemtl Legno03_Mat
f 930/1/1014 931/2/1014 933/3/1014 932/4/1014
f 934/6/1016 935/5/1016 937/8/1016 936/7/1016
f 931/2/398 937/11/398 935/12/398 933/3/398
f 936/13/400 930/1/400 932/4/400 934/14/400
usemtl Ferro01_Mat
f 994/244/1039 985/245/1039 986/246/1039 995/247/1039
f 986/246/1040 987/248/1040 996/249/1040 995/247/1040
f 987/248/1041 988/250/1041 997/251/1041 996/249/1041
f 988/250/1042 989/252/1042 998/253/1042 997/251/1042
f 989/252/1043 990/254/1043 999/255/1043 998/253/1043
f 990/254/1044 991/256/1044 1000/257/1044 999/255/1044
f 991/256/1045 992/258/1045 1001/259/1045 1000/257/1045
f 992/258/1046 993/260/1046 1002/261/1046 1001/259/1046
f 993/260/1047 985/262/1047 994/263/1047 1002/261/1047
f 986/264/1048 985/265/1048 1003/266/1048
f 987/267/1048 986/264/1048 1003/266/1048
f 988/268/1048 987/267/1048 1003/266/1048
f 989/269/1048 988/268/1048 1003/266/1048
f 990/270/1048 989/269/1048 1003/266/1048
f 991/271/1048 990/270/1048 1003/266/1048
f 992/272/1048 991/271/1048 1003/266/1048
f 993/273/1048 992/272/1048 1003/266/1048
f 985/265/1048 993/273/1048 1003/266/1048
f 1004/284/1049 994/284/1049 995/285/1049 1005/285/1049
f 995/285/1049 996/286/1049 1006/286/1049 1005/285/1049
f 996/286/1049 997/287/1049 1007/287/1049 1006/286/1049
f 997/287/1049 998/288/1049 1008/288/1049 1007/287/1049
f 998/288/1049 999/289/1049 1009/289/1049 1008/288/1049
f 999/289/1049 1000/290/1049 1010/290/1049 1009/289/1049
f 1000/290/1049 1001/291/1049 1011/291/1049 1010/290/1049
f 1001/291/1049 1002/292/1049 1012/292/1049 1011/291/1049
f 1002/292/1049 994/284/1049 1004/284/1049 1012/292/1049
f 1013/284/1050 1004/284/1050 1005/285/1050 1015/285/1050
f 1005/285/1051 1006/286/1051 1016/286/1051 1015/285/1051
f 1006/286/1052 1007/287/1052 1017/287/1052 1016/286/1052
f 1007/287/1053 1008/288/1053 1018/288/1053 1017/287/1053
f 1008/288/1054 1009/289/1054 1019/289/1054 1018/288/1054
f 1009/289/1055 1010/290/1055 1020/290/1055 1019/289/1055
f 1010/290/1056 1011/291/1056 1021/291/1056 1020/290/1056
f 1011/291/1057 1012/292/1057 1022/292/1057 1021/291/1057
f 1012/292/1058 1004/284/1058 1013/284/1058 1022/292/1058
